id_oferty,dzielnica,metraz_m2,liczba_pokoi,pietro,rok_budowy,ma_balkon,ma_miejsce_parkingowe,odleglosc_od_centrum_km,cena_pln,cena_pln_per_m2,cena_pln_capped,cena_pln_log
10001,Białołęka,69.1,4,3,1995,True,False,4.52,948319.0,13723.863965267728,948319.0,13.762447277021666
10002,Praga-Południe,29.9,1,4,2016,True,False,2.13,408287.0,13655.083612040135,408287.0,12.91972808672147
10003,Wilanów,90.9,5,4,2005,True,True,14.62,1464602.0,16112.233223322331,1464602.0,14.197094773947853
10004,Targówek,29.8,2,3,2016,False,False,0.5,390717.0,13111.308724832214,390717.0,12.875741351136258
10005,Ursynów,61.7,2,7,1997,True,False,6.38,764932.0,12397.601296596435,764932.0,13.547543527273826
10006,Białołęka,38.4,3,6,1966,True,True,5.58,427097.0,11122.317708333334,427097.0,12.964768774074505
10007,Ochota,53.6,3,8,1952,True,False,5.67,554464.0,10344.477611940298,554464.0,13.225758963852549
10008,Śródmieście,62.2,3,6,1984,True,True,10.34,1175695.0,18901.84887459807,1175695.0,13.977370870621586
10009,Białołęka,62.1,3,9,2009,False,False,2.4,995279.0,16027.037037037036,995279.0,13.810779383588372
10010,Wilanów,64.3,4,0,2014,True,False,2.3,1348134.0,20966.314152410578,1348134.0,14.114232713807828
10011,Wilanów,90.5,4,6,1983,True,False,10.36,1293015.0,14287.45856353591,1293015.0,14.072488032000713
10012,Targówek,65.0,4,0,1997,False,False,7.96,702578.0,10808.892307692307,702578.0,13.462513129383405
10013,Ursynów,49.6,3,6,1992,True,True,12.92,643515.0,12974.092741935483,643515.0,13.374702169734078
10014,Praga-Południe,76.2,4,9,1992,True,False,4.68,1230474.0,16147.952755905511,1230474.0,14.022910831662523
10015,Targówek,81.2,5,7,1978,True,True,4.58,913085.0,11244.889162561576,913085.0,13.724585350102704
10016,Targówek,28.0,1,10,1968,True,False,9.68,290884.0,10388.714285714286,290884.0,12.58068327904244
10017,Śródmieście,68.1,4,8,1974,True,False,11.81,1166943.0,17135.726872246698,1166943.0,13.969898923827683
10018,Bemowo,70.4,4,11,1958,False,False,2.15,935169.0,13283.650568181818,935169.0,13.748483609925719
10019,Ursynów,48.5,3,2,1974,True,True,17.37,527606.0,10878.474226804125,527606.0,13.176106967364273
10020,Wola,85.3,4,3,1951,False,False,3.9,933907.0,10948.49941383353,933907.0,13.747133211288768
10021,Targówek,51.7,3,3,2005,False,False,6.34,670825.0,12975.338491295937,670825.0,13.416265067869976
10022,Bemowo,57.8,3,11,1985,True,False,7.88,842987.0,14584.55017301038,842987.0,13.644708002007231
10023,Wola,51.2,3,8,2023,True,True,10.52,893884.0,17458.671875,893884.0,13.70333241053466
10024,Ursynów,55.3,3,6,1974,True,True,8.7,671329.0,12139.764918625679,671329.0,13.41701609833691
10025,Mokotów,30.9,1,2,1987,True,True,5.76,538239.0,17418.73786407767,538239.0,13.196059836326665
10026,Ochota,23.3,1,9,1988,False,False,8.65,253464.0,10878.283261802575,253464.0,12.442981025420098
10027,Bemowo,90.1,5,4,1951,True,False,4.21,978024.0,10854.872364039957,978024.0,13.79329051106243
10028,Bielany,36.4,2,6,2017,True,False,3.65,633158.0,17394.45054945055,633158.0,13.358476854418807
10029,Mokotów,33.2,2,7,1955,True,True,5.63,528960.0,15932.530120481926,528960.0,13.178669984115126
10030,Wilanów,18.0,1,0,2022,True,True,11.43,339925.0,18884.722222222223,339925.0,12.736483225844962
10031,Wilanów,40.9,1,11,2019,True,False,7.77,864443.0,21135.525672371637,864443.0,13.669841804679406
10032,Ochota,25.9,1,1,2000,True,False,3.97,487612.0,18826.718146718147,487612.0,13.097277337431553
10033,Śródmieście,91.1,5,6,2000,True,False,5.17,1993678.0,21884.500548847423,1993678.0,14.505492233595929
10034,Białołęka,77.2,3,10,2007,True,False,9.99,760947.0,9856.826424870465,760947.0,13.542320303365912
10035,Praga-Południe,39.9,2,1,1990,True,True,6.54,426911.0,10699.52380952381,426911.0,12.964333181978533
10036,Bielany,104.6,6,6,2006,True,False,6.03,1717731.0,16421.902485659655,1717731.0,14.356515374014377
10037,Śródmieście,76.6,5,8,1957,True,False,6.12,1295231.0,16909.02088772846,1295231.0,14.074200387649377
10038,Ursynów,47.9,3,10,1958,True,False,2.24,722406.0,15081.544885177453,722406.0,13.490343970960446
10039,Śródmieście,18.0,1,1,1995,True,True,1.19,386263.0,21459.055555555555,386263.0,12.864276352491917
10040,Białołęka,105.4,6,6,2001,True,True,10.72,1293404.0,12271.385199240985,1293404.0,14.072788833767271
10041,Ursynów,24.4,1,3,2019,False,True,5.61,441997.0,18114.631147540986,441997.0,12.99906063616272
10042,Bielany,18.8,1,10,1965,True,False,6.23,199602.0,10617.127659574468,199602.0,12.20408567280667
10043,Białołęka,77.5,4,1,2016,True,True,4.06,1276775.0,16474.516129032258,1276775.0,14.059848708508534
10044,Wola,108.7,5,6,1976,False,True,13.05,1404555.0,12921.389144434223,1404555.0,14.155231796572087
10045,Praga-Południe,85.5,5,4,1990,False,True,3.81,1154816.0,13506.619883040936,1154816.0,13.959452447826399
10046,Bielany,67.4,4,0,1985,True,False,4.5,780111.0,11574.347181008901,780111.0,13.567192778101344
10047,Wola,68.1,4,4,1991,True,True,10.59,1080845.0,15871.439060205581,1080845.0,13.893254625788307
10048,Ochota,73.8,4,11,1970,True,False,3.9,1261111.0,17088.224932249323,1261111.0,14.047504429401034
10049,Bielany,71.7,4,11,1998,True,True,6.29,1109197.0,15469.97210599721,1109197.0,13.9191477896208
10050,Ochota,61.2,4,2,2015,False,True,1.89,1036320.0,16933.333333333332,1036320.0,13.851187499369189
10051,Ursynów,57.3,3,6,1994,True,False,2.83,982856.0,17152.80977312391,982856.0,13.798218915505366
10052,Wola,53.6,3,5,1997,True,True,1.65,929593.0,17343.152985074626,929593.0,13.74250321066997
10053,Praga-Południe,38.4,2,7,2017,True,True,5.79,693064.0,18048.541666666668,693064.0,13.44887906886735
10054,Białołęka,537.35692966899,2,4,2010,True,True,6.05,595626.0,1108.436436033129,595626.0,13.297369911202384
10055,Targówek,18.0,1,1,1997,True,False,6.29,236180.0,13121.111111111111,236180.0,12.372353739205078
10056,Śródmieście,52.8,3,8,1980,False,False,4.61,1084995.0,20549.147727272728,1084995.0,13.897086858313957
10057,Mokotów,33.3,2,10,2019,True,True,4.78,630189.0,18924.594594594597,630189.0,13.353776640200994
10058,Praga-Południe,30.7,2,7,2002,True,True,3.4,466204.0,15185.798045602607,466204.0,13.052380730537006
10059,Wola,59.0,4,5,1977,True,False,4.2,982273.0,16648.694915254237,982273.0,13.797625570820351
10060,Targówek,85.6,5,9,1981,True,False,1.98,790472.0,9234.485981308411,790472.0,13.580386779450626
10061,Praga-Południe,75.2,4,6,2015,True,True,6.93,1235857.0,16434.268617021276,1235857.0,14.027276023668396
10062,Wola,20.4,1,8,1957,False,False,8.96,238528.0,11692.549019607844,238528.0,12.382246175210073
10063,Bemowo,33.2,1,6,2024,True,False,4.89,596433.0,17964.84939759036,596433.0,13.298723868966766
10064,Bemowo,75.7,5,2,1968,False,False,4.8,784325.0,10360.964332892998,784325.0,13.572580029231425
10065,Ochota,33.4,1,5,2014,True,False,5.8,480962.0,14400.059880239522,480962.0,13.083545623052244
10066,Praga-Południe,50.1,3,10,1990,True,True,12.84,565645.0,11290.319361277445,565645.0,13.245723719818958
10067,Bemowo,67.1,4,10,1997,True,True,5.18,956030.0,14247.839046199702,956030.0,13.770545618286045
10068,Wola,33.7,3,6,2019,True,False,5.49,587112.0,17421.721068249255,587112.0,13.28297258454261
10069,Ochota,57.3,3,1,1992,False,False,21.41,566048.0,9878.673647469459,566048.0,13.246435925876305
10070,Wola,25.7,2,2,2000,True,True,4.68,380910.0,14821.400778210118,380910.0,12.850321031020565
10071,Ochota,41.8,3,3,1958,True,False,6.82,509174.0,12181.196172248805,509174.0,13.140547047837957
10072,Praga-Południe,62.0,3,9,1950,True,False,6.63,649766.0,10480.09677419355,649766.0,13.384369116070664
10073,Targówek,20.0,1,5,1979,False,False,4.26,223182.0,11159.1,223182.0,12.315747341714049
10074,Białołęka,64.7,3,0,2008,True,False,7.11,851053.0,13153.833075734157,851053.0,13.65423086030145
10075,Bielany,54.6,3,8,1967,True,False,1.75,700779.0,12834.78021978022,700779.0,13.459949279384293
10076,Targówek,67.2,3,4,1966,True,True,4.79,670680.0,9980.357142857143,670680.0,13.416048893074668
10077,Ursynów,59.9,3,11,1992,True,False,2.78,867827.0,14487.929883138564,867827.0,13.67374881732483
10078,Wola,85.0,5,6,2006,True,False,7.22,1399538.0,16465.15294117647,1399538.0,14.151653454644757
10079,Ursynów,57.8,3,8,2010,False,True,1.52,960834.0,16623.425605536333,960834.0,13.775557977061114
10080,Targówek,45.6,3,8,1973,True,True,8.22,436422.0,9570.657894736842,436422.0,12.986367235493587
10081,Ochota,57.7,3,0,1962,True,False,0.5,910078.0,15772.582322357019,910078.0,13.7212866879118
10082,Bielany,67.0,4,0,2022,True,True,6.93,997263.0,14884.522388059702,997263.0,13.81277080827528
10083,Bielany,56.1,3,2,1980,True,False,2.44,649984.0,11586.167557932264,649984.0,13.384704564682467
10084,Mokotów,55.9,3,5,2017,True,True,3.52,1148863.0,20552.110912343473,1148863.0,13.954284186030742
10085,Bielany,39.6,2,1,2018,False,True,4.62,610524.0,15417.272727272726,610524.0,13.322074521735416
10086,Białołęka,40.4,3,9,2013,False,False,13.41,484094.0,11982.524752475249,484094.0,13.090036447429911
10087,Bielany,24.1,2,11,1972,False,True,2.41,352460.0,14624.896265560164,352460.0,12.77269525681572
10088,Targówek,93.5,5,10,2016,False,False,5.31,1351839.0,14458.171122994652,1351839.0,14.116977185386672
10089,Mokotów,27.6,2,0,2013,True,False,11.18,452883.0,16408.804347826088,452883.0,13.02339130103331
10090,Targówek,39.8,2,0,2003,True,True,5.48,601421.0,15111.080402010051,601421.0,13.307052130177762
10091,Targówek,39.2,3,4,1986,True,True,7.61,4827611.2009650795,123153.34696339487,2101934.039999999,15.389862535058231
10092,Wilanów,74.7,5,3,1980,True,True,10.24,1326904.0,17763.105756358767,1326904.0,14.098359720698904
10093,Śródmieście,48.5,3,0,1967,True,True,3.46,926393.0,19100.886597938144,926393.0,13.739054909095957
10094,Mokotów,82.5,5,3,1998,True,False,3.76,1677106.0,20328.557575757575,1677106.0,14.332580843182573
10095,Targówek,40.2,1,2,2003,True,True,2.38,671391.0,16701.268656716416,671391.0,13.417108448056426
10096,Śródmieście,61.1,3,1,1988,False,True,11.27,1100407.0,18009.934533551554,1100407.0,13.911191578089735
10097,Śródmieście,36.6,2,8,1996,True,False,14.67,636098.0,17379.726775956282,636098.0,13.363109490585797
10098,Mokotów,102.2,6,10,1988,False,True,1.88,1977474.0,19349.060665362034,1977474.0,14.497331336319
10099,Wilanów,28.9,1,0,2006,True,True,6.45,463553.0,16039.896193771627,463553.0,13.046678162056253
10100,Ursynów,61.8,4,6,2020,True,True,3.49,1101182.0,17818.478964401296,1101182.0,13.911895614427104
10101,Ochota,68.9,5,3,1971,True,False,3.64,1136746.0,16498.490566037734,1136746.0,13.943681232581069
10102,Białołęka,64.1,4,4,1989,True,False,7.87,819383.0,12782.886115444619,819383.0,13.616308117421472
10103,Ochota,50.9,3,9,1969,True,False,5.61,616239.0,12106.856581532416,616239.0,13.331391777026848
10104,Bielany,52.1,2,4,2005,True,True,7.42,810928.0,15564.836852207292,810928.0,13.605935783025943
10105,Białołęka,56.0,3,0,2011,True,True,14.42,601621.0,10743.232142857143,601621.0,13.307384620098068
10106,Bielany,51.8,4,5,2021,True,False,6.66,757564.0,14624.787644787646,757564.0,13.537864621265173
10107,Targówek,76.2,5,8,1982,True,False,8.05,913539.0,11988.700787401574,913539.0,13.725082441471542
10108,Wola,103.6,6,1,2022,True,False,10.01,1802527.0,17398.909266409268,1802527.0,14.404700682001172
10109,Mokotów,42.7,2,6,1960,True,True,3.24,714868.0,16741.639344262294,714868.0,13.479854588106683
10110,Białołęka,24.9,1,5,2004,True,True,8.54,373668.0,15006.746987951808,373668.0,12.831125657791311
10111,Białołęka,53.1,2,4,1959,True,False,3.57,466555.0,8786.346516007532,466555.0,13.05313333493742
10112,Targówek,111.8,6,3,2019,True,False,2.04,1678720.0,15015.384615384615,1678720.0,14.33354275191237
10113,Ursynów,37.3,1,3,1999,True,False,7.04,489694.0,13128.525469168902,489694.0,13.101538027305427
10114,Śródmieście,91.1,5,5,2008,True,False,2.23,2010542.0,22069.61580680571,2010542.0,14.51391539280525
10115,Targówek,91.9,6,3,2016,False,False,5.64,1119096.0,12177.323177366703,1119096.0,13.928032668076943
10116,Bemowo,42.8,2,4,1970,True,False,4.81,559218.0,13065.841121495328,559218.0,13.234296446434685
10117,Wilanów,67.5,4,5,1956,True,False,12.22,962685.0,14262.0,962685.0,13.777482573227575
10118,Śródmieście,90.8,6,4,2019,True,False,2.22,2310226.0,25443.017621145376,2101934.039999999,14.652856346068221
10119,Mokotów,46.7,3,6,1984,True,False,6.69,646489.0,13843.447537473232,646489.0,13.379313009170321
10120,Śródmieście,50.5,4,8,1967,True,True,3.0,993385.0,19670.9900990099,993385.0,13.808874588542189
10121,Ursynów,42.2,2,9,1995,True,True,1.52,632094.0,14978.530805687204,632094.0,13.356794978288304
10122,Śródmieście,32.7,2,6,2004,True,False,0.94,685361.0,20959.051987767583,685361.0,13.437702444808059
10123,Mokotów,40.7,2,6,1955,True,False,2.28,541219.0,13297.764127764127,541219.0,13.201581129510958
10124,Ursynów,28.1,2,3,1981,True,False,2.2,415480.0,14785.765124555159,415480.0,12.937192164193574
10125,Ochota,55.7,3,0,1955,True,True,0.98,844626.0,15163.842010771992,844626.0,13.646650388766428
10126,Białołęka,38.1,2,7,1992,True,True,9.26,506145.0,13284.645669291338,506145.0,13.134580444200056
10127,Białołęka,60.1,3,3,2019,True,False,10.79,806090.0,13412.479201331114,806090.0,13.599951918341482
10128,Wilanów,20.8,1,0,2024,True,True,3.13,433646.0,20848.365384615383,433646.0,12.979986118067226
10129,Bielany,62.3,4,4,2006,False,True,3.98,1061085.0,17031.861958266454,1061085.0,13.87480346991921
10130,Ochota,73.3,4,7,1971,False,True,4.57,1124031.0,15334.665757162347,1124031.0,13.932432778781408
10131,Ochota,18.0,1,3,2020,True,False,9.99,272279.0,15126.611111111111,272279.0,12.514586227561887
10132,Śródmieście,63.2,4,11,1999,True,True,10.12,1269724.0,20090.569620253165,1269724.0,14.05431089955452
10133,Białołęka,82.0,5,7,1970,True,False,6.61,796066.0,9708.121951219513,796066.0,13.587438632138625
10134,Mokotów,28.4,2,7,2021,True,True,6.47,508947.0,17920.66901408451,508947.0,13.140101129213663
10135,Praga-Południe,91.8,5,2,2012,False,False,3.73,1358256.0,14795.816993464052,1358256.0,14.1217128180909
10136,Praga-Południe,64.2,3,8,2011,False,False,0.95,1000383.0,15582.289719626167,1000383.0,13.815894484255143
10137,Ursynów,39.5,3,2,2010,True,True,4.45,617990.0,15645.316455696202,617990.0,13.334229173226989
10138,Białołęka,53.8,4,0,1975,True,True,11.21,489137.0,9091.765799256505,489137.0,13.100399937232613
10139,Białołęka,67.3,4,1,1976,True,True,3.35,750523.0,11151.901931649332,750523.0,13.528526908225226
10140,Wilanów,56.7,3,5,2009,True,False,4.17,1082375.0,19089.506172839505,1082375.0,13.89466918264389
10141,Praga-Południe,66.9,3,11,1976,False,True,8.75,635890.0,9505.082212257099,635890.0,13.362782443986605
10142,Białołęka,34.7,3,9,1993,False,True,4.05,505467.0,14566.772334293946,505467.0,13.13324001177916
10143,Wilanów,58.7,4,1,2014,True,False,4.57,1223047.0,20835.55366269165,1223047.0,14.016856661650568
10144,Śródmieście,23.9,2,5,2014,True,True,8.88,553916.0,23176.401673640168,553916.0,13.224770135010775
10145,Bemowo,52.6,2,0,1994,True,True,0.94,899966.0,17109.619771863116,899966.0,13.710113374967543
10146,Wola,35.1,2,10,2014,True,False,2.16,645894.0,18401.53846153846,645894.0,13.378392230854203
10147,Ochota,38.8,2,0,2017,False,False,15.53,545805.0,14067.139175257733,545805.0,13.210018880233696
10148,Bielany,82.2,5,4,2007,True,True,8.84,1060189.0,12897.676399026763,1060189.0,13.873958695308753
10149,Ursynów,79.0,4,9,1977,True,True,9.58,1222810.0,15478.60759493671,1222810.0,14.01666286470582
10150,Bemowo,68.4,3,10,1981,True,False,6.5,816415.0,11935.891812865497,816415.0,13.612679307961942
10151,Praga-Południe,31.0,2,8,1984,False,True,7.04,378504.0,12209.806451612903,378504.0,12.843984561812018
10152,Wilanów,48.0,3,7,1966,True,False,3.44,926690.0,19306.041666666668,926690.0,13.739375455646755
10153,Ochota,81.7,4,2,1981,False,True,17.5,934225.0,11434.822521419828,934225.0,13.747473657962368
10154,Białołęka,58.1,4,2,1976,False,False,4.43,697154.0,11999.2082616179,697154.0,13.454763046655112
10155,Bielany,106.0,6,0,1995,False,True,9.76,1479329.0,13955.933962264151,1479329.0,14.20709984053679
10156,Białołęka,63.7,4,2,2020,True,False,3.85,772036.0,12119.874411302982,772036.0,13.556787755319569
10157,Mokotów,59.2,3,11,1965,True,True,3.35,861072.0,14545.135135135135,861072.0,13.665934564949378
10158,Mokotów,48.2,3,11,2010,True,False,5.29,1009843.0,20951.09958506224,1009843.0,13.825306421442427
10159,Bielany,57.9,3,11,2009,True,True,6.53,952885.0,16457.426597582038,952885.0,13.767250553235487
10160,Wilanów,51.6,3,10,1964,True,True,11.65,745744.0,14452.403100775193,745744.0,13.52213899769478
10161,Bielany,70.6,3,0,2021,True,False,24.17,700461.0,9921.543909348442,700461.0,13.459495396321326
10162,Praga-Południe,76.0,5,7,2002,True,False,2.63,1109214.0,14594.921052631578,1109214.0,13.919163115892328
10163,Bielany,37.7,1,0,1988,False,False,8.21,480857.0,12754.827586206895,480857.0,13.083327287207181
10164,Śródmieście,25.7,2,4,2012,True,True,5.7,614995.0,23929.76653696498,614995.0,13.329371042702462
10165,Białołęka,18.0,1,8,1980,True,False,1.17,249837.0,13879.833333333334,249837.0,12.42856798680164
10166,Bemowo,66.2,4,6,2009,False,True,13.25,786076.0,11874.259818731118,786076.0,13.574810030989738
10167,Targówek,30.7,1,3,1956,False,False,4.09,266564.0,8682.8664495114,266564.0,12.493373395287696
10168,Wilanów,18.0,1,10,2017,False,False,3.92,365446.0,20302.555555555555,365446.0,12.808876540817517
10169,Bielany,63.5,4,8,1994,True,True,13.24,1023208.0,16113.511811023622,1023208.0,13.83845432514241
10170,Ursynów,109.8,5,8,2006,False,False,5.18,1741589.0,15861.466302367942,1741589.0,14.370309047039413
10171,Mokotów,54.9,4,1,1977,True,False,10.92,870737.0,15860.418943533698,870737.0,13.677096406910202
10172,Śródmieście,73.4,4,9,2008,True,True,4.57,1725260.0,23504.904632152586,1725260.0,14.360888901350075
10173,Ochota,56.8,3,9,2013,True,False,7.48,929400.0,16362.676056338029,929400.0,13.742295571595424
10174,Targówek,52.8,2,10,1996,True,True,4.95,757918.0,14354.507575757576,757918.0,13.538331798756245
10175,Wilanów,75.2,5,11,2005,True,False,2.96,1420103.0,18884.348404255317,1420103.0,14.166240666332186
10176,Bemowo,48.6,2,5,1995,True,True,7.64,800803.0,16477.427983539095,800803.0,13.593371501975668
10177,Targówek,60.9,3,3,2019,True,True,8.77,984713.0,16169.343185550082,984713.0,13.800106522663006
10178,Bielany,62.1,4,7,1997,True,True,5.42,896051.0,14429.162640901772,896051.0,13.705753725987346
10179,Praga-Południe,40.3,2,11,2017,True,False,0.96,523284.0,12984.714640198512,523284.0,13.167881527703342
10180,Mokotów,76.8,4,10,2015,False,False,2.22,1397583.0,18197.6953125,1397583.0,14.150255589539544
10181,Mokotów,51.2,3,6,1992,True,False,3.71,777027.0,15176.30859375,777027.0,13.563231664736538
10182,Ochota,38.4,2,6,1977,True,True,12.61,512237.0,13339.505208333334,512237.0,13.146544639765258
10183,Praga-Południe,66.8,4,10,1991,True,True,5.22,820292.0,12279.820359281437,820292.0,13.617416872491065
10184,Białołęka,35.2,2,9,2016,False,False,12.48,468577.0,13311.84659090909,468577.0,13.057457855596915
10185,Wola,55.6,3,8,1977,False,False,10.11,772862.0,13900.395683453236,772862.0,13.55785708029686
10186,Śródmieście,54.8,3,4,1999,True,True,3.91,1309736.0,23900.291970802922,1309736.0,14.085336911662894
10187,Mokotów,78.9,5,5,2015,True,True,6.19,1662206.0,21067.249683143218,1662206.0,14.323656795378442
10188,Ursynów,65.4,4,0,1987,True,False,8.91,901059.0,13777.660550458715,901059.0,13.711327127048087
10189,Mokotów,54.4,2,5,2006,False,True,3.08,1065050.0,19578.125,1065050.0,13.878533243303044
10190,Targówek,73.0,4,1,1979,False,False,8.48,937971.0,12848.917808219177,937971.0,13.75147537679655
10191,Mokotów,85.6,6,5,1965,False,False,7.85,1107238.0,12935.023364485982,1107238.0,13.917380087213632
10192,Wilanów,67.3,3,8,2014,True,False,2.95,1387952.0,20623.35809806835,1387952.0,14.143340557804098
10193,Mokotów,55.2,3,7,1964,True,False,7.38,676561.0,12256.539855072464,676561.0,13.42477937058275
10194,Wola,26.1,2,8,1981,False,True,5.05,406924.0,15590.95785440613,406924.0,12.916384172259699
10195,Wola,31.6,2,9,2017,True,False,1.84,695155.0,21998.57594936709,695155.0,13.45189155979111
10196,Bemowo,48.3,2,7,1987,True,False,3.71,718108.0,14867.660455486543,718108.0,13.484376647093258
10197,Białołęka,41.6,3,2,2023,True,True,3.61,639622.0,15375.528846153846,639622.0,13.368634219270376
10198,Ursynów,50.9,4,7,2024,False,False,13.99,706960.0,13889.194499017682,706960.0,13.46873078069807
10199,Mokotów,56.2,3,5,1981,True,True,2.25,995408.0,17711.88612099644,995408.0,13.810908986957037
10200,Mokotów,66.7,3,5,1956,True,False,3.35,964907.0,14466.371814092952,964907.0,13.779788038988718
10201,Śródmieście,53.4,2,5,2010,True,False,6.96,1101011.0,20618.18352059925,1101011.0,13.911740314827982
10202,Wola,65.7,4,2,1994,False,False,5.61,1040253.0,15833.37899543379,1040253.0,13.854975472067308
10203,Ursynów,56.4,4,9,1964,True,True,4.72,810556.0,14371.560283687944,810556.0,13.60547694464371
10204,Ochota,18.0,1,0,2010,True,True,4.66,321117.0,17839.833333333332,321117.0,12.679563935809474
10205,Bemowo,34.3,2,11,1955,True,False,9.64,366088.0,10673.119533527697,366088.0,12.810631752221525
10206,Białołęka,51.8,3,3,2018,False,False,3.0,727397.0,14042.413127413129,727397.0,13.497229062012412
10207,Praga-Południe,28.4,1,9,1969,False,True,2.38,329549.0,11603.838028169015,329549.0,12.705483366480866
10208,Białołęka,68.2,4,11,1967,False,True,0.93,857738.0,12576.803519061583,857738.0,13.662055136388975
10209,Wilanów,88.7,5,5,1972,True,True,3.85,1631863.0,18397.553551296503,1631863.0,14.30523347770044
10210,Targówek,81.8,4,10,2023,False,False,1.93,1368946.0,16735.281173594132,1368946.0,14.1295523891311
10211,Wilanów,50.3,4,11,2009,True,False,4.34,973861.0,19361.053677932407,973861.0,13.789024888808344
10212,Mokotów,87.8,5,9,2015,True,False,1.23,1638497.0,18661.697038724375,1638497.0,14.309290526491637
10213,Bemowo,58.3,4,1,1991,True,False,4.3,794155.0,13621.86963979417,794155.0,13.58503519448251
10214,Targówek,47.6,2,6,1986,True,False,6.6,489660.0,10286.974789915967,489660.0,13.101468593922645
10215,Ursynów,41.5,2,6,1978,False,True,5.25,617605.0,14882.048192771084,617605.0,13.33360599267142
10216,Praga-Południe,48.3,3,10,1996,True,True,8.03,506836.0,10493.498964803313,506836.0,13.135944731867626
10217,Wola,46.5,3,3,2001,True,False,10.7,768304.0,16522.666666666668,768304.0,13.551942068709078
10218,Bemowo,58.7,4,3,2006,True,False,6.49,937797.0,15976.09880749574,937797.0,13.751289852984463
10219,Bemowo,58.5,4,0,1980,True,False,5.34,494622.0,8455.076923076924,494622.0,13.111551135212277
10220,Wilanów,55.1,3,1,2022,True,False,7.09,1155727.0,20975.08166969147,1155727.0,13.96024100641081
10221,Mokotów,64.6,3,8,1972,True,False,6.64,1043780.0,16157.585139318888,1043780.0,13.85836025530495
10222,Bielany,81.2,5,9,2023,True,False,8.96,1157259.0,14251.958128078817,1157259.0,13.961565700031382
10223,Wilanów,75.9,4,7,1952,True,True,5.58,1003640.0,13223.1884057971,1003640.0,13.8191449455694
10224,Bemowo,22.3,2,7,1996,True,True,2.08,324364.0,14545.470852017937,324364.0,12.689624703910704
10225,Śródmieście,18.0,1,8,1986,False,False,10.38,286330.0,15907.222222222223,286330.0,12.564903763254602
10226,Praga-Południe,75.6,5,6,1994,True,False,1.3,1197806.0,15843.99470899471,1197806.0,13.996002942842843
10227,Wilanów,24.9,2,8,2002,False,True,8.48,421385.0,16923.092369477912,421385.0,12.951304557208982
10228,Praga-Południe,50.1,3,9,1993,False,False,6.99,669263.0,13358.542914171656,669263.0,13.413933880102912
10229,Śródmieście,29.3,1,11,1992,False,True,7.11,581048.0,19830.98976109215,581048.0,13.27259036962725
10230,Ochota,18.0,1,1,2011,True,True,5.69,318491.0,17693.944444444445,318491.0,12.671352635939495
10231,Śródmieście,66.9,4,5,2009,True,False,3.25,1342058.0,20060.6576980568,1342058.0,14.109715559779854
10232,Śródmieście,71.7,4,2,2016,False,True,5.02,1532773.0,21377.587168758717,1532773.0,14.242589723633158
10233,Praga-Południe,42.3,2,10,1979,True,False,11.3,544705.0,12877.186761229315,544705.0,13.208001478548844
10234,Białołęka,18.0,1,5,2004,True,True,7.25,238246.0,13235.888888888889,238246.0,12.381063229621851
10235,Praga-Południe,43.0,2,2,2003,True,False,7.3,583970.0,13580.697674418605,583970.0,13.277606603043141
10236,Bielany,63.6,2,7,1989,True,True,11.48,1002482.0,15762.295597484277,1002482.0,13.817990480413094
10237,Mokotów,22.5,1,10,1997,False,False,12.31,315669.0,14029.733333333334,315669.0,12.662452643106443
10239,Białołęka,54.7,2,11,1969,True,False,16.56,583973.0,10675.923217550273,583973.0,13.27761174027135
10240,Wola,67.7,3,9,1976,True,True,7.22,1035046.0,15288.714918759231,1035046.0,13.849957394278594
10241,Targówek,57.6,2,5,1965,True,True,8.71,675127.0,11720.954861111111,675127.0,13.42265758150687
10242,Mokotów,33.6,1,8,2008,True,True,9.92,645400.0,19208.333333333332,645400.0,13.37762710802551
10243,Wilanów,81.3,4,1,2007,True,True,11.93,1443734.0,17758.10578105781,1443734.0,14.18274406358788
10244,Bielany,51.5,4,1,2022,True,False,2.76,895213.0,17382.776699029127,895213.0,13.704818074820926
10245,Bielany,54.4,3,6,2011,True,False,1.94,842412.0,15485.514705882353,842412.0,13.644025671781595
10246,Wola,34.5,2,1,1958,False,False,2.19,507625.0,14713.768115942028,507625.0,13.137500234944797
10247,Białołęka,45.2,3,1,2019,True,False,3.87,664995.0,14712.278761061945,664995.0,13.407536304582306
10248,Ochota,35.5,2,3,2018,True,True,10.13,585775.0,16500.704225352114,585775.0,13.28069274292229
10249,Śródmieście,51.2,3,8,1994,True,True,4.59,1139388.0,22253.671875,1139388.0,13.946002711777863
10250,Białołęka,92.7,5,7,2003,True,True,5.04,948946.0,10236.742179072276,948946.0,13.763108227771164
10251,Ochota,24.8,2,1,2023,False,False,1.94,474776.0,19144.193548387095,474776.0,13.070600499095294
10252,Bielany,19.5,2,7,2000,False,False,2.12,239522.0,12283.179487179486,239522.0,12.386404724625118
10253,Praga-Południe,87.4,4,3,2020,True,True,3.78,1272916.0,14564.256292906177,1272916.0,14.056821675099693
10254,Mokotów,50.4,2,1,1962,True,True,3.14,764735.0,15173.313492063493,764735.0,13.547285955209425
10255,Wola,40.3,2,10,1974,True,False,8.83,439737.0,10911.588089330025,439737.0,12.993934373995524
10256,Mokotów,77.9,4,9,1994,True,False,1.94,1422402.0,18259.3324775353,1422402.0,14.167858252850914
10257,Ursynów,41.7,3,6,2003,True,False,2.32,681910.0,16352.757793764988,681910.0,13.4326544297762
10258,Ursynów,95.2,5,5,2016,False,True,6.62,1459939.0,15335.49369747899,1459939.0,14.19390589694965
10259,Wilanów,69.9,5,9,2024,True,True,4.63,1440926.0,20614.10586552217,1440926.0,14.180797214434035
10260,Białołęka,44.3,3,4,1990,False,False,4.37,470816.0,10627.900677200903,470816.0,13.062224762467416
10261,Bielany,102.5,6,10,1957,True,False,10.05,1169894.0,11413.6,1169894.0,13.972424559156998
10262,Bielany,41.7,3,0,2015,True,True,4.46,589523.0,14137.24220623501,589523.0,13.287070710599027
10263,Śródmieście,71.3,5,1,2004,True,False,5.55,1463475.0,20525.596072931276,1463475.0,14.196324985936222
10264,Śródmieście,61.6,3,7,1975,True,False,3.81,1023863.0,16621.152597402597,1023863.0,13.839094263261229
10265,Śródmieście,83.6,4,0,1997,True,True,5.05,1960529.0,23451.3038277512,1960529.0,14.488725402816268
10266,Praga-Południe,89.4,5,2,2012,True,True,9.02,1235526.0,13820.201342281878,1235526.0,14.027008157672624
10267,Targówek,55.7,4,1,2013,True,True,4.14,896079.0,16087.594254937163,896079.0,13.70578497368562
10268,Bemowo,38.4,2,4,1997,True,True,6.13,643037.0,16745.755208333336,643037.0,13.373959099451767
10269,Targówek,65.1,3,3,1984,True,False,4.18,929112.0,14272.073732718894,929112.0,13.74198564656682
10270,Mokotów,40.1,2,6,2023,True,True,0.89,815912.0,20346.932668329177,815912.0,13.61206301061512
10271,Targówek,99.3,5,4,2007,True,False,3.21,1433843.0,14439.506545820746,1433843.0,14.17586950761313
10272,Praga-Południe,58.0,3,7,1991,True,False,3.73,861835.0,14859.224137931034,861835.0,13.666820276324593
10273,Wilanów,47.0,4,3,1982,True,True,5.52,877954.0,18679.872340425532,877954.0,13.6853506184564
10274,Mokotów,59.1,3,11,2011,True,False,7.9,1087075.0,18393.82402707276,1087075.0,13.899002080862564
10275,Targówek,25.4,2,5,1978,True,False,4.75,233830.0,9205.905511811025,233830.0,12.362353911189507
10276,Praga-Południe,33.6,3,3,1972,True,False,4.08,435276.0,12954.642857142857,435276.0,12.983737889020636
10277,Bemowo,81.4,6,1,1999,False,False,6.42,974547.0,11972.321867321867,974547.0,13.789729052745447
10278,Targówek,40.5,2,0,1982,True,True,5.34,566726.0,13993.234567901234,566726.0,13.24763298527898
10279,Praga-Południe,32.0,2,0,2005,True,False,1.92,492906.0,15403.3125,492906.0,13.10807579425625
10280,Śródmieście,66.8,4,7,1966,False,False,12.52,1048101.0,15690.134730538923,1048101.0,13.862491467371314
10281,Bielany,81.1,5,3,2007,True,False,4.29,1189064.0,14661.70160295931,1189064.0,13.988677841966746
10282,Śródmieście,70.8,4,4,1982,True,True,5.34,1602131.0,22628.968926553673,1602131.0,14.28684580021974
10283,Bielany,76.9,4,10,1950,False,False,1.61,907394.0,11799.66189856957,907394.0,13.718333135947756
10284,Wola,38.4,1,7,1967,True,True,10.43,546750.0,14238.28125,546750.0,13.211748767526824
10285,Wola,23.7,2,11,2021,False,False,3.9,381208.0,16084.725738396624,381208.0,12.851103060137206
10286,Wola,88.0,5,6,2018,True,False,13.34,1407142.0,15990.25,1407142.0,14.157071965615796
10287,Bemowo,47.9,3,7,1978,True,False,5.17,753063.0,15721.565762004177,753063.0,13.531905496530193
10288,Śródmieście,49.5,4,7,2014,False,False,7.6,902208.0,18226.424242424244,902208.0,13.71260147952184
10289,Bielany,84.2,4,5,2004,True,True,4.15,1426245.0,16938.77672209026,1426245.0,14.170556375597084
10290,Praga-Południe,67.2,4,9,2023,True,True,2.04,1217848.0,18122.738095238095,1217848.0,14.01259674583918
10291,Mokotów,65.0,5,1,1989,True,True,6.94,1279858.0,19690.123076923075,1279858.0,14.062260473578155
10292,Praga-Południe,102.6,5,5,2008,True,True,6.89,1610608.0,15697.933723196882,1610608.0,14.292122926307604
10293,Mokotów,40.8,2,0,1960,True,True,0.71,664619.0,16289.681372549021,664619.0,13.406970727739033
10294,Ursynów,75.4,4,0,1991,True,False,1.88,1184354.0,15707.61273209549,1184354.0,13.984708880566814
10295,Praga-Południe,56.3,4,10,2023,True,False,10.29,742121.0,13181.545293072824,742121.0,13.517268929119126
10296,Targówek,60.9,3,2,2000,True,True,3.91,992492.0,16297.077175697867,992492.0,13.807975238621886
10297,Targówek,88.6,4,2,1982,True,False,8.2,809594.0,9137.62979683973,809594.0,13.60428940160694
10298,Białołęka,66.2,3,10,1967,True,False,17.19,525355.0,7935.876132930513,525355.0,13.17183140700916
10299,Śródmieście,66.8,3,4,2010,True,False,7.17,1456503.0,21803.937125748504,1456503.0,14.191549601687502
10300,Mokotów,78.6,4,0,2006,False,False,5.23,1455805.0,18521.692111959288,1455805.0,14.191070257103055
10301,Mokotów,47.0,3,9,1989,True,True,3.18,852445.0,18137.127659574468,852445.0,13.655865143025045
10302,Wilanów,36.5,2,5,2022,True,False,6.44,661685.0,18128.35616438356,661685.0,13.402546402152025
10303,Śródmieście,32.0,1,6,1953,False,False,6.92,476313.0,14884.78125,476313.0,13.073832579596534
10304,Bemowo,18.0,2,9,1984,False,True,5.61,231636.0,12868.666666666666,231636.0,12.352926770124794
10305,Białołęka,100.2,6,11,2021,True,True,8.41,1376177.0,13734.301397205589,1376177.0,14.134820649574198
10306,Bemowo,30.7,2,10,1985,False,True,2.2,417425.0,13596.905537459284,417425.0,12.941862562054224
10307,Bemowo,50.1,3,2,1979,True,True,5.68,655575.0,13085.329341317365,655575.0,13.393269517494119
10308,Bemowo,48.9,3,3,2000,False,True,5.24,586132.0,11986.339468302658,586132.0,13.281302005264406
10309,Śródmieście,61.8,4,9,2016,True,False,3.54,1447969.0,23429.919093851135,1447969.0,14.18567313348113
10310,Bemowo,72.9,5,10,1965,True,True,6.81,987501.0,13545.9670781893,987501.0,13.802933801071818
10311,Targówek,73.9,4,9,2022,True,False,2.03,1288093.0,17430.216508795667,1288093.0,14.068674164349884
10312,Wilanów,42.2,2,11,2014,False,False,3.03,845656.0,20039.241706161138,845656.0,13.64786911902417
10313,Wilanów,51.3,4,9,1973,True,True,4.22,946169.0,18443.84015594542,946169.0,13.760177535906095
10314,Wola,61.2,4,9,2010,True,True,4.67,1170419.0,19124.493464052288,1170419.0,13.972873216717034
10315,Ursynów,49.5,3,9,1990,True,True,7.04,607498.0,12272.68686868687,607498.0,13.317105808104952
10316,Mokotów,90.4,4,2,1991,False,True,7.52,1508616.0,16688.230088495573,1508616.0,14.226703895064148
10317,Mokotów,65.8,3,0,2014,False,True,2.96,1290250.0,19608.662613981764,1290250.0,14.07034733105427
10318,Ursynów,71.2,4,7,2023,True,True,13.27,1209384.0,16985.73033707865,1209384.0,14.005622523899948
10319,Śródmieście,69.6,4,9,1967,True,False,6.77,1262167.0,18134.583333333336,1262167.0,14.04834143525187
10320,Praga-Południe,80.8,4,9,1992,True,False,15.69,850955.0,10531.621287128713,850955.0,13.654115702341029
10321,Śródmieście,59.0,3,1,1996,True,True,11.78,1338893.0,22693.101694915254,1338893.0,14.107354457984819
10322,Mokotów,26.5,2,0,1989,False,True,3.61,488614.0,18438.264150943396,488614.0,13.09933013729361
10323,Mokotów,63.8,4,7,1988,True,False,2.02,1120018.0,17555.14106583072,1120018.0,13.9288562074131
10324,Ursynów,40.7,2,6,1958,True,False,1.64,546787.0,13434.570024570023,546787.0,13.211816437724256
10325,Bemowo,43.4,2,6,2009,True,False,0.8,689119.0,15878.31797235023,689119.0,13.443170700287938
10326,Śródmieście,67.9,3,3,1993,True,False,6.19,1351751.0,19907.9675994109,1351751.0,14.116912086806686
10327,Bielany,82.2,4,10,1974,True,True,3.4,874047.0,10633.175182481751,874047.0,13.680890573038097
10328,Ursynów,55.5,3,8,2016,True,True,7.81,841285.0,15158.288288288288,841285.0,13.642686952487571
10329,Targówek,61.8,3,5,2015,True,False,3.53,839349.0,13581.699029126214,839349.0,13.64038306175056
10330,Mokotów,92.4,5,1,1997,True,True,2.94,1813192.0,19623.290043290042,1813192.0,14.410599937463395
10331,Ursynów,60.3,3,0,1983,True,False,7.51,648975.0,10762.437810945274,648975.0,13.383151015033269
10332,Śródmieście,112.2,6,0,2006,True,False,18.08,1814650.0,16173.351158645275,1814650.0,14.411403720690291
10333,Mokotów,67.4,2,8,1982,True,False,11.61,885235.0,13134.050445103856,885235.0,13.693609555107498
10334,Praga-Południe,18.0,2,3,1978,False,True,7.59,218051.0,12113.944444444445,218051.0,12.292488845437058
10335,Ursynów,71.6,5,4,2011,True,False,10.9,1065087.0,14875.516759776538,1065087.0,13.878567982820048
10336,Białołęka,63.4,3,2,1956,True,False,7.09,561488.0,8856.27760252366,561488.0,13.238347462585837
10337,Mokotów,83.4,5,3,1964,True,True,0.71,1313673.0,15751.474820143883,1313673.0,14.088338349832958
10338,Śródmieście,69.8,3,11,1951,True,True,8.49,1086426.0,15564.84240687679,1086426.0,13.89840488820234
10339,Wola,52.0,4,7,1970,True,False,7.43,678793.0,13053.711538461539,678793.0,13.42807297317527
10340,Bielany,28.1,3,3,1960,True,False,9.58,299904.0,10672.740213523131,299904.0,12.611221036822196
10341,Ochota,50.4,3,8,2024,True,True,3.38,1072410.0,21277.97619047619,1072410.0,13.88541994265799
10342,Bemowo,36.3,3,8,1982,True,True,10.5,410589.0,11310.99173553719,410589.0,12.925350428667372
10343,Ochota,42.2,2,5,1970,True,False,2.18,709905.0,16822.39336492891,709905.0,13.472887845886394
10344,Śródmieście,67.9,3,1,1978,False,False,5.89,1076177.0,15849.44035346097,1076177.0,13.88892643353154
10345,Targówek,91.7,5,11,2021,False,False,5.3,1385050.0,15104.143947655397,1385050.0,14.141247520030316
10346,Targówek,63.7,4,9,1999,True,False,0.5,849846.0,13341.381475667189,849846.0,13.652811612264555
10347,Wola,28.7,1,10,1988,True,True,3.67,453155.0,15789.372822299652,453155.0,13.023991716044064
10348,Bemowo,64.8,3,6,2018,True,False,7.36,1085705.0,16754.70679012346,1085705.0,13.897741024593179
10349,Białołęka,81.3,4,8,1990,True,True,3.75,1097559.0,13500.11070110701,1097559.0,13.908600092141002
10350,Wola,41.6,2,5,1986,True,False,12.55,564944.0,13580.384615384615,564944.0,13.24448366025749
10351,Wilanów,52.1,3,2,1975,False,False,6.21,751600.0,14426.103646833013,751600.0,13.529960877015506
10352,Ochota,55.3,3,6,1989,True,True,4.46,850953.0,15387.938517179024,850953.0,13.654113352040484
10353,Wola,37.7,2,4,1985,False,True,10.54,531572.0,14100.053050397877,531572.0,13.183595814463649
10354,Ochota,69.3,3,0,2008,True,False,3.99,810548.0,11696.219336219337,810548.0,13.605467074838774
10355,Mokotów,52.3,3,2,1982,False,True,2.33,741535.0,14178.489483747611,741535.0,13.516478989617607
10356,Targówek,64.2,3,4,2002,True,True,7.73,918402.0,14305.327102803738,918402.0,13.730391571092627
10357,Mokotów,35.5,3,6,1960,True,False,2.0,586496.0,16521.014084507042,586496.0,13.281922831973072
10358,Bielany,45.4,3,2,1974,True,True,3.8,718836.0,15833.392070484582,718836.0,13.485389907246788
10359,Wilanów,70.9,4,5,1991,True,False,5.51,1108596.0,15636.050775740478,1108596.0,13.918605809848358
10360,Bemowo,46.8,1,4,2022,True,True,4.43,810867.0,17326.21794871795,810867.0,13.60586055782818
10361,Białołęka,93.0,5,0,1989,True,False,25.0,452931.0,4870.225806451613,452931.0,13.023497282822206
10362,Ochota,46.2,3,9,2007,True,True,7.13,756373.0,16371.709956709956,756373.0,13.536291241828227
10363,Białołęka,59.9,3,5,1980,True,True,4.97,822723.0,13734.941569282137,822723.0,13.620376064969275
10364,Ochota,75.5,4,7,1967,False,False,3.46,8310393.642112275,110071.4389683745,2101934.039999999,15.933017655729559
10365,Śródmieście,23.8,2,0,1959,True,False,6.74,382173.0,16057.689075630251,382173.0,12.85363128126347
10366,Wola,18.0,1,1,1984,True,True,10.81,268272.0,14904.0,268272.0,12.49976039773073
10367,Bielany,21.4,1,3,1971,True,True,1.44,343339.0,16043.878504672899,343339.0,12.74647648882492
10368,Targówek,82.8,4,11,1972,False,False,6.62,851386.0,10282.43961352657,851386.0,13.65462206329086
10369,Ochota,42.9,2,1,2013,True,False,4.77,720211.0,16788.135198135198,720211.0,13.487300892096425
10370,Białołęka,111.3,6,10,1952,True,False,8.77,1292171.0,11609.802336028752,1292171.0,14.071835081399065
10371,Bielany,42.6,3,8,2001,True,False,5.55,587859.0,13799.507042253521,587859.0,13.284244103293497
10372,Praga-Południe,59.1,3,9,1989,False,False,7.29,547633.0,9266.209813874788,547633.0,13.213362459585124
10373,Praga-Południe,88.9,5,7,1998,False,True,16.3,1178966.0,13261.709786276715,1178966.0,13.980149189305903
10374,Mokotów,99.1,6,7,2001,True,False,8.95,1754297.0,17702.29061553986,1754297.0,14.377579334860764
10375,Targówek,100.4,6,3,1984,True,False,4.41,902931.0,8993.336653386454,902931.0,13.713402525023172
10376,Śródmieście,81.6,5,4,1983,True,True,2.59,1753082.0,21483.84803921569,1753082.0,14.376886510186969
10377,Białołęka,77.5,4,3,2011,True,True,4.78,1119202.0,14441.316129032259,1119202.0,13.928127382815877
10378,Wola,68.0,4,8,2018,True,True,2.62,1497981.0,22029.132352941175,1497981.0,14.219629426965747
10379,Wola,72.1,5,1,1974,True,True,5.88,96525.78996815234,1338.776559891156,199597.62,11.4775758650491
10380,Białołęka,42.9,2,10,1964,False,True,5.89,472803.0,11021.048951048951,472803.0,13.066436205275124
10381,Bemowo,37.0,2,7,2020,True,False,1.71,615108.0,16624.54054054054,615108.0,13.329554766856608
10382,Śródmieście,54.9,3,1,1987,True,False,5.77,1030190.0,18764.845173041896,1030190.0,13.845254779907727
10383,Bielany,51.3,3,0,2001,True,False,13.4,731759.0,14264.30799220273,731759.0,13.503207870330247
10384,Ochota,45.0,2,9,1988,True,True,5.64,661126.0,14691.68888888889,661126.0,13.401701233510236
10385,Bemowo,70.3,4,2,1967,False,True,4.08,835408.0,11883.470839260313,835408.0,13.635676704269441
10386,Ochota,76.0,4,8,2003,True,False,8.51,1140483.0,15006.355263157895,1140483.0,13.946963291673496
10387,Ochota,56.9,3,11,1999,True,True,4.85,849537.0,14930.351493848859,849537.0,13.652447951289078
10388,Bemowo,87.5,5,2,1975,True,False,5.12,1331748.0,15219.977142857142,1331748.0,14.10200367388728
10389,Mokotów,29.9,2,8,1994,True,False,10.54,455055.0,15219.23076923077,455055.0,13.028175767282821
10390,Praga-Południe,50.7,2,6,2015,False,True,2.76,840463.0,16577.179487179485,840463.0,13.641709399265677
10391,Ochota,39.2,3,9,2003,True,True,9.46,569304.0,14523.061224489795,569304.0,13.25217159761622
10392,Bemowo,18.0,1,0,1964,False,False,1.63,234075.0,13004.166666666666,234075.0,12.363401127932963
10393,Bemowo,53.2,3,9,2001,True,False,17.43,669613.0,12586.710526315788,669613.0,13.414456705943612
10394,Wilanów,52.3,3,4,2010,False,False,2.82,1041911.0,19921.81644359465,1041911.0,13.856568044754049
10395,Ursynów,88.3,5,8,2014,True,False,5.72,1640714.0,18581.132502831257,1640714.0,14.310642680400385
10396,Mokotów,68.9,4,11,2005,False,True,12.12,1044748.0,15163.251088534105,1044748.0,13.859287223142918
10397,Targówek,32.5,2,2,1970,True,False,1.67,379934.0,11690.276923076923,379934.0,12.84775546443982
10398,Ursynów,95.8,4,8,2010,True,True,3.75,1528948.0,15959.791231732777,1528948.0,14.24009112922083
10399,Ursynów,81.9,5,4,2008,True,True,9.0,1269711.0,15503.186813186812,1269711.0,14.054300661064651
10400,Białołęka,67.8,3,8,1954,True,False,1.18,791605.0,11675.589970501476,791605.0,13.581819072267471
10401,Praga-Południe,50.0,2,9,1992,True,False,7.4,669351.0,13387.02,669351.0,13.414065359182986
10402,Bemowo,33.9,3,5,1986,True,True,6.72,556887.0,16427.345132743365,556887.0,13.230119421491409
10403,Praga-Południe,46.8,2,8,2008,False,True,1.04,749275.0,16010.149572649574,749275.0,13.526862685944867
10404,Śródmieście,79.0,4,6,1976,True,True,0.9,1696581.0,21475.708860759492,1696581.0,14.344126196845288
10405,Białołęka,96.5,5,6,2003,False,True,0.8,1207697.0,12514.994818652849,1207697.0,14.004226626221689
10406,Targówek,89.0,6,7,2020,False,True,6.51,1397174.0,15698.58426966292,1397174.0,14.149962898826018
10407,Praga-Południe,44.2,2,6,2015,True,False,3.15,644951.0,14591.651583710407,644951.0,13.376931174404056
10408,Wola,30.4,1,11,2021,True,False,1.53,618651.0,20350.361842105263,618651.0,13.335298196482608
10409,Ochota,58.1,4,8,2023,True,False,9.89,131436.67815814394,2262.2491937718405,199597.62,11.786288087903149
10410,Śródmieście,18.0,2,10,1951,True,False,12.7,288819.0,16045.5,288819.0,12.573558935680555
10411,Mokotów,62.1,3,8,2005,True,False,12.22,1000697.0,16114.28341384863,1000697.0,13.81620831447557
10412,Targówek,51.8,2,5,1992,False,False,5.73,694747.0,13412.104247104247,694747.0,13.45130446886725
10413,Śródmieście,44.7,4,6,2018,True,False,0.94,1106359.0,24750.76062639821,1106359.0,13.91658590538919
10414,Ochota,19.9,2,1,1979,True,True,1.47,295397.0,14844.070351758795,295397.0,12.596078878575792
10415,Białołęka,66.3,4,8,2024,True,False,2.18,941251.0,14196.847662141781,941251.0,13.75496618292798
10416,Ochota,43.3,2,11,2004,False,False,3.29,594270.0,13724.480369515013,594270.0,13.295090723260223
10417,Ursynów,29.3,2,0,2014,True,False,12.01,420696.0,14358.225255972697,420696.0,12.949668138580998
10418,Ochota,18.0,1,0,1962,True,False,6.84,187387.0,10410.388888888889,199597.62,12.140936612584637
10419,Ursynów,54.4,3,2,1973,True,True,5.51,788426.0,14493.125,788426.0,13.577795100249643
10420,Białołęka,94.0,6,11,2013,True,False,5.92,736311.0,7833.095744680851,736311.0,13.509409220928742
10421,Bielany,91.5,6,5,1953,False,True,9.54,1085980.0,11868.63387978142,1085980.0,13.897994283927023
10422,Ursynów,44.9,2,4,2016,False,False,9.16,566066.0,12607.260579064588,566066.0,13.246467724737908
10423,Mokotów,41.8,3,1,1952,True,True,5.46,542088.0,12968.612440191388,542088.0,13.203185473583416
10424,Ochota,65.3,4,8,2007,True,True,10.77,1170469.0,17924.48698315467,1170469.0,13.972915935512027
10425,Ochota,33.0,2,9,1988,True,True,3.81,555881.0,16844.878787878788,555881.0,13.228311320492873
10426,Mokotów,61.6,4,3,2004,True,False,8.82,1090901.0,17709.431818181816,1090901.0,13.902515434932779
10427,Wola,71.9,3,3,2009,True,True,10.59,1100237.0,15302.32267037552,1100237.0,13.911037078001726
10428,Bemowo,82.0,5,4,1987,True,False,9.48,1134816.0,13839.219512195123,1134816.0,13.941981962417948
10429,Bielany,52.8,3,7,1965,True,True,2.52,697854.0,13216.931818181818,697854.0,13.455766623774633
10430,Targówek,50.5,2,9,1960,False,False,4.63,530187.0,10498.752475247526,530187.0,13.180986939612241
10431,Ursynów,35.7,2,3,2003,True,False,1.12,654847.0,18343.053221288515,654847.0,13.39215842661835
10432,Mokotów,36.8,3,4,1999,False,True,1.87,616977.0,16765.679347826088,616977.0,13.332588645849876
10433,Białołęka,50.0,2,11,2012,True,True,4.42,799531.0,15990.62,799531.0,13.591781835470801
10434,Ursynów,63.1,3,3,1998,True,False,5.66,961441.0,15236.782884310618,961441.0,13.776189519778605
10435,Bemowo,75.1,4,5,1992,False,False,6.82,926372.0,12335.179760319576,926372.0,13.739032240298421
10436,Białołęka,37.3,2,11,1991,True,False,1.84,417272.0,11186.91689008043,417272.0,12.941495962832915
10437,Śródmieście,87.8,5,2,1954,True,True,4.87,1544950.0,17596.24145785877,1544950.0,14.250502752600688
10438,Ochota,49.0,2,7,1986,True,False,9.77,605081.0,12348.591836734693,605081.0,13.313119265018726
10439,Śródmieście,54.5,3,5,2023,True,False,6.33,1331207.0,24425.816513761467,1331207.0,14.101597358646409
10440,Ursynów,38.6,2,9,2018,False,True,7.63,619718.0,16054.870466321243,619718.0,13.337021428476964
10441,Bemowo,18.0,1,4,1986,False,True,5.66,225416.0,12523.111111111111,225416.0,12.325707299216694
10442,Bielany,74.4,5,1,2003,True,True,3.08,1033513.0,13891.30376344086,1033513.0,13.848475204214436
10443,Ursynów,71.2,4,9,2017,True,False,2.36,1147133.0,16111.418539325841,1147133.0,13.952777215791746
10444,Mokotów,48.8,3,9,1994,True,False,4.62,912173.0,18692.069672131147,912173.0,13.723586040332156
10445,Praga-Południe,56.5,3,6,1953,True,True,8.23,621233.0,10995.274336283186,621233.0,13.33946310153416
10446,Ursynów,66.4,4,1,1961,True,True,2.72,896449.0,13500.737951807228,896449.0,13.706197798023574
10447,Ochota,20.6,1,0,1998,True,True,3.72,406371.0,19726.747572815533,406371.0,12.915024275235062
10448,Ochota,43.4,3,6,2023,True,True,5.44,779550.0,17961.981566820275,779550.0,13.56647339189523
10449,Ursynów,72.5,4,4,2009,True,True,14.17,949567.0,13097.475862068966,949567.0,13.763762423310466
10450,Białołęka,27.4,2,0,1961,True,False,6.62,295733.0,10793.175182481753,295733.0,12.597215680630782
10451,Praga-Południe,61.5,4,3,1974,True,False,6.49,750573.0,12204.439024390244,750573.0,13.528593526127613
10452,Mokotów,25.2,1,11,2013,True,True,4.15,479560.0,19030.15873015873,479560.0,13.080626381064224
10453,Ursynów,65.3,3,3,2017,False,False,14.5,769102.0,11777.978560490046,769102.0,13.55298017970065
10454,Białołęka,54.2,3,9,2005,False,False,5.77,780706.0,14404.169741697417,780706.0,13.567955198380469
10455,Ochota,19.5,1,6,2006,True,False,10.02,275842.0,14145.74358974359,275842.0,12.527587142268393
10456,Ochota,80.6,4,8,1954,True,True,2.36,952252.0,11814.54094292804,952252.0,13.766586034769073
10457,Bemowo,38.8,2,1,2016,False,True,4.98,620314.0,15987.474226804125,620314.0,13.337982692516325
10458,Ursynów,37.2,2,11,2014,False,False,24.58,434319.0,11675.24193548387,434319.0,12.981536868579333
10459,Praga-Południe,59.4,4,0,1980,False,False,5.87,665710.0,11207.239057239058,665710.0,13.408610921412018
10460,Wola,80.3,5,1,2010,True,True,4.04,1579104.0,19665.056039850562,1579104.0,14.272368788810306
10461,Praga-Południe,32.7,3,6,1976,False,False,10.26,289820.0,8862.996941896025,289820.0,12.577018770011463
10462,Ochota,56.4,3,9,1956,True,False,4.33,768823.0,13631.613475177306,768823.0,13.552617353632755
10463,Ochota,64.4,4,5,1975,True,True,4.54,883567.0,13719.984472049688,883567.0,13.691723534390183
10464,Śródmieście,70.2,3,3,1973,False,False,1.21,1336639.0,19040.441595441596,1336639.0,14.105669560290947
10465,Ochota,58.9,3,0,1986,True,False,0.75,993354.0,16865.09337860781,993354.0,13.808843381656134
10466,Mokotów,46.9,2,0,1992,False,True,7.05,780352.0,16638.63539445629,780352.0,13.567501660392091
10467,Targówek,36.8,3,4,1998,True,False,3.78,421224.0,11446.304347826088,421224.0,12.950922411706586
10468,Ursynów,56.9,3,0,1996,False,False,7.93,656194.0,11532.407732864674,656194.0,13.394213279851947
10469,Praga-Południe,31.4,2,11,1981,True,False,6.73,450569.0,14349.331210191083,450569.0,13.018268726867737
10470,Targówek,18.0,1,6,1955,False,True,5.68,170970.0,9498.333333333334,199597.62,12.049249230459402
10471,Białołęka,64.6,5,10,2004,True,True,4.57,983705.0,15227.63157894737,983705.0,13.799082350902802
10472,Wola,74.9,3,0,1990,True,False,2.87,1229984.0,16421.682242990653,1229984.0,14.022512532152287
10473,Mokotów,18.0,2,0,1983,True,True,2.69,293006.0,16278.111111111111,293006.0,12.587951778498807
10474,Wilanów,32.8,2,1,2018,True,True,1.61,699125.0,21314.786585365855,699125.0,13.457586262482243
10475,Praga-Południe,68.6,3,10,2012,True,True,5.29,1222123.0,17815.204081632655,1222123.0,14.016100886560732
10476,Targówek,100.3,6,11,2018,True,True,14.19,1837087.0,18315.9222333001,1837087.0,14.42369226724151
10477,Wola,55.5,3,9,1997,True,False,18.26,680141.0,12254.792792792792,680141.0,13.430056878881103
10478,Śródmieście,39.0,2,2,1968,True,True,2.79,757775.0,19430.128205128207,757775.0,13.538143106439618
10479,Mokotów,51.0,2,10,2009,True,False,9.32,723478.0,14185.843137254902,723478.0,13.49182679906228
10480,Mokotów,85.2,4,0,1975,False,True,11.94,975338.0,11447.62910798122,975338.0,13.790540381856713
10481,Śródmieście,40.8,3,8,1994,True,False,3.38,800192.0,19612.549019607846,800192.0,13.592608227553963
10482,Wilanów,37.4,2,9,1960,True,True,8.49,534857.0,14300.989304812834,534857.0,13.189756570087125
10483,Ursynów,44.4,3,7,2016,True,False,10.82,643178.0,14485.990990990991,643178.0,13.374178347060164
10484,Śródmieście,34.0,1,4,1967,True,False,1.59,674372.0,19834.470588235294,674372.0,13.421538649281148
10485,Mokotów,57.7,3,10,2020,True,True,7.25,1145692.0,19856.013864818022,1145692.0,13.951520252061185
10486,Mokotów,90.7,6,1,2018,True,False,2.38,1856367.0,20467.111356119072,1856367.0,14.43413244853629
10487,Targówek,62.1,3,4,1995,False,True,7.45,731901.0,11785.845410628019,731901.0,13.50340190419933
10488,Ochota,49.4,3,5,2012,True,False,5.41,808273.0,16361.8016194332,808273.0,13.602656388929692
10489,Wilanów,48.6,3,0,2005,True,False,1.3,918714.0,18903.58024691358,918714.0,13.730731233545447
10490,Wola,20.6,1,10,2015,True,False,3.19,333687.0,16198.398058252425,333687.0,12.717961703649362
10491,Śródmieście,74.4,4,3,1993,True,False,2.9,1339849.0,18008.72311827957,1339849.0,14.108068225362803
10492,Wola,53.3,3,8,2014,True,True,10.56,862910.0,16189.681050656662,862910.0,13.668066836126354
10493,Śródmieście,51.0,3,1,1995,False,True,5.08,882862.0,17311.019607843136,882862.0,13.69092531466076
10494,Białołęka,125.2,6,4,2022,True,True,2.71,1749079.0,13970.279552715654,1749079.0,14.374600493377777
10495,Mokotów,61.6,3,0,1997,True,False,7.99,1044288.0,16952.727272727272,1044288.0,13.858846829040527
10496,Ochota,38.5,2,3,1995,True,False,4.41,606386.0,15750.285714285714,606386.0,13.315273675085779
10497,Targówek,45.6,3,3,2014,False,True,6.19,645725.0,14160.63596491228,645725.0,13.378130544181465
10498,Ochota,80.3,5,5,2016,True,False,4.8,1498805.0,18665.068493150684,1498805.0,14.220179349096219
10499,Ochota,57.5,3,9,2001,True,True,17.87,712310.0,12388.0,712310.0,13.476269892778554
10500,Ochota,23.4,1,8,1973,True,True,6.15,364962.0,15596.666666666668,364962.0,12.807551257563343
10501,Wola,75.2,3,2,1995,True,False,8.6,1047887.0,13934.667553191488,1047887.0,13.862287267923087
10502,Śródmieście,40.3,2,8,2023,False,False,10.53,824967.0,20470.645161290326,824967.0,13.62309987668576
10503,Bielany,96.2,6,5,2012,True,False,5.11,1461164.0,15188.814968814968,1461164.0,14.194744620700977
10504,Białołęka,78.8,4,6,2015,True,True,12.11,1046591.0,13281.611675126904,1046591.0,13.861049729092063
10505,Praga-Południe,45.2,2,11,1955,False,False,9.38,401648.0,8886.017699115044,401648.0,12.903333851868995
10506,Ochota,83.2,5,9,1995,True,True,0.86,1511282.0,18164.447115384613,1511282.0,14.22846951690102
10507,Ursynów,56.5,2,1,2006,True,True,3.07,1000564.0,17709.097345132745,1000564.0,13.816075398411868
10508,Wola,73.8,4,10,2016,True,False,5.17,1139980.0,15446.883468834689,1139980.0,13.946522153565121
10509,Wilanów,65.7,4,9,1958,True,False,5.58,1028113.0,15648.599695585996,1028113.0,13.843236613790491
10510,Targówek,36.4,2,5,2017,True,True,3.44,503740.0,13839.010989010989,503740.0,13.129817526078469
10511,Praga-Południe,40.8,2,5,2001,False,True,7.11,494878.0,12129.36274509804,494878.0,13.11206856722497
10512,Bielany,77.7,5,1,1974,True,False,4.32,1012024.0,13024.761904761905,1012024.0,13.827463832081733
10513,Ursynów,47.6,3,1,1985,True,True,5.27,756637.0,15895.735294117647,756637.0,13.536640214609248
10514,Bielany,46.1,3,1,1982,False,False,4.19,595809.0,12924.273318872018,595809.0,13.297677103276223
10515,Praga-Południe,34.0,2,9,1999,True,False,4.59,475030.0,13971.470588235294,475030.0,13.071135344045127
10516,Ochota,64.3,4,11,1958,True,True,2.5,808842.0,12579.191290824261,808842.0,13.603360110458167
10517,Ursynów,100.4,6,0,1971,True,False,6.72,1188218.0,11834.8406374502,1188218.0,13.987966105349908
10518,Bielany,31.5,2,4,2015,False,False,7.72,338499.0,10746.0,338499.0,12.732279371334467
10519,Targówek,55.5,3,7,1968,False,True,1.85,598783.0,10788.882882882883,598783.0,13.302656211063741
10520,Śródmieście,86.1,5,1,1978,False,False,3.51,1409067.0,16365.470383275262,1409067.0,14.158439050894424
10521,Mokotów,53.2,2,4,1994,False,True,5.53,909604.0,17097.81954887218,909604.0,13.72076571832508
10522,Śródmieście,65.0,4,11,1999,True,False,13.81,1390144.0,21386.830769230768,1390144.0,14.144918616213044
10523,Praga-Południe,31.6,1,7,2013,True,True,2.47,543044.0,17184.936708860758,543044.0,13.204947468410477
10524,Wola,64.4,3,9,1994,False,False,4.3,776212.0,12052.981366459626,776212.0,13.56218224603745
10525,Mokotów,50.9,3,4,2014,True,True,3.81,909028.0,17859.09626719057,909028.0,13.720132275841038
10526,Białołęka,76.7,4,1,2005,True,True,6.47,901862.0,11758.305084745762,901862.0,13.712217902808446
10527,Targówek,81.1,5,2,1966,True,False,2.45,726562.0,8958.840937114674,726562.0,13.49608047536972
10528,Białołęka,112.0,6,5,1970,True,True,3.35,1315887.0,11748.99107142857,1315887.0,14.090022280862668
10529,Ursynów,67.8,4,10,1993,False,True,17.57,826719.0,12193.495575221239,826719.0,13.625221343521012
10530,Mokotów,62.2,4,10,1991,True,True,0.97,1059510.0,17033.922829581992,1059510.0,13.873318038892377
10531,Białołęka,59.3,4,4,2012,True,True,5.11,836982.0,14114.367622259697,836982.0,13.637559038632135
10532,Białołęka,47.2,2,10,2003,False,False,5.3,592489.0,12552.733050847457,592489.0,13.292089274211863
10533,Bielany,62.4,4,3,1990,True,False,3.91,927498.0,14863.75,927498.0,13.74024699529603
10534,Śródmieście,48.5,3,3,1972,True,True,10.43,884397.0,18234.98969072165,884397.0,13.6926624665427
10535,Bielany,58.7,3,4,1977,True,False,6.1,762759.0,12994.19080068143,762759.0,13.544698712948563
10536,Mokotów,84.0,4,1,2002,False,False,14.62,1167174.0,13894.92857142857,1167174.0,13.97009685718134
10537,Mokotów,32.9,2,8,1992,False,False,1.28,499994.0,15197.386018237083,499994.0,13.122353377354328
10538,Praga-Południe,80.1,6,1,1998,False,True,7.09,965916.0,12058.876404494384,965916.0,13.780833188178155
10539,Bielany,84.0,4,9,1972,True,False,6.39,851233.0,10133.72619047619,851233.0,13.654442340380815
10540,Bemowo,52.4,3,1,2007,True,False,7.52,854743.0,16311.8893129771,854743.0,13.658557287880537
10541,Wilanów,18.0,1,9,2017,False,False,9.87,265626.0,14757.0,265626.0,12.489848348044237
10542,Śródmieście,41.6,2,8,1980,False,False,12.31,724707.0,17420.841346153844,724707.0,13.493524094087084
10543,Mokotów,83.5,5,2,1997,True,True,16.24,1068753.0,12799.437125748504,1068753.0,13.882004041916161
10544,Praga-Południe,54.5,2,9,2023,True,False,2.04,911909.0,16732.275229357798,911909.0,13.723296579976335
10545,Bielany,33.0,2,6,1986,False,False,7.18,451711.0,13688.212121212122,451711.0,13.020800087594887
10546,Śródmieście,43.9,3,3,2003,False,False,10.82,879508.0,20034.350797266514,879508.0,13.687119076194373
10547,Bielany,73.5,4,5,1963,False,True,5.05,777918.0,10583.918367346938,777918.0,13.564377684629843
10548,Białołęka,67.0,4,3,2004,False,False,2.63,874568.0,13053.253731343284,874568.0,13.681486472558023
10549,Praga-Południe,49.7,3,9,1963,True,False,2.67,533189.0,10728.14889336016,533189.0,13.186633112422147
10550,Śródmieście,46.9,3,6,2023,True,False,3.23,1054162.0,22476.80170575693,1054162.0,13.868257645082885
10551,Ochota,46.4,2,0,2010,True,False,6.78,742613.0,16004.59051724138,742613.0,13.517931673227181
10552,Ursynów,34.7,2,2,2014,True,False,3.37,609145.0,17554.610951008643,609145.0,13.319813255233866
10553,Ursynów,90.5,5,2,2010,True,True,5.49,1436017.0,15867.591160220994,1436017.0,14.177384563330689
10554,Śródmieście,47.9,3,0,2003,True,False,1.59,1096768.0,22897.035490605427,1096768.0,13.90787914278996
10555,Bielany,81.8,5,5,1994,True,True,1.59,1176971.0,14388.398533007336,1176971.0,13.978455596664627
10556,Praga-Południe,88.5,5,10,2018,True,False,8.01,1087063.0,12283.197740112995,1087063.0,13.89899104201502
10557,Wilanów,77.0,5,8,2022,True,True,0.5,1723387.0,22381.64935064935,1723387.0,14.359802678783407
10559,Praga-Południe,63.9,3,10,2021,True,False,6.83,978125.0,15307.120500782474,978125.0,13.79339377507435
10560,Ursynów,54.5,3,6,2003,True,True,1.88,834749.0,15316.495412844037,834749.0,13.6348875578059
10561,Białołęka,35.1,2,9,2000,True,True,6.57,583645.0,16628.062678062677,583645.0,13.277049913634897
10562,Bielany,62.1,4,7,1995,False,False,3.89,669472.0,10780.547504025764,669472.0,13.41424611469671
10563,Białołęka,29.1,2,5,1976,True,True,2.57,379434.0,13038.969072164948,379434.0,12.846438583150706
10564,Ursynów,81.1,4,8,1950,True,True,11.14,877101.0,10815.055487053021,877101.0,13.684378570178579
10565,Ochota,44.8,4,2,1978,True,True,7.57,611501.0,13649.575892857143,611501.0,13.323673504749967
10566,Ochota,59.4,3,9,1998,True,False,3.45,932394.0,15696.868686868687,932394.0,13.745511823623998
10567,Białołęka,61.2,4,9,1989,True,False,2.99,825391.0,13486.781045751633,825391.0,13.623613703983233
10568,Ochota,49.3,3,8,1994,False,False,15.13,660709.0,13401.805273833672,660709.0,13.401070293365825
10569,Ursynów,67.9,4,3,2024,False,False,6.94,1016872.0,14976.0235640648,1016872.0,13.832242790143425
10570,Śródmieście,44.6,3,6,1987,True,True,5.57,961438.0,21556.905829596413,961438.0,13.776186399460707
10571,Białołęka,74.2,5,8,1994,True,False,2.97,799492.0,10774.824797843665,799492.0,13.591733055745646
10572,Wilanów,25.4,2,1,1968,False,True,2.92,407009.0,16023.976377952757,407009.0,12.916593034147464
10573,Wilanów,57.8,4,1,1957,False,True,17.66,716193.0,12390.882352941177,716193.0,13.481706358963207
10574,Wola,97.7,5,8,2013,True,True,8.27,1405936.0,14390.33776867963,1405936.0,14.15621454238298
10575,Bielany,33.0,2,11,2002,True,False,5.22,475359.0,14404.818181818182,475359.0,13.071827690696434
10576,Ochota,40.1,2,2,2013,True,False,1.74,691922.0,17254.912718204487,691922.0,13.447229956732354
10577,Ochota,66.3,4,8,1970,True,True,3.72,5633976.654192214,84977.02344181319,2101934.039999999,15.544326261168527
10578,Mokotów,59.0,3,4,2002,True,False,6.92,1006175.0,17053.813559322032,1006175.0,13.821667564638014
10579,Bemowo,62.7,4,5,1979,True,True,10.8,833745.0,13297.368421052632,833745.0,13.633684078599263
10580,Białołęka,65.8,4,1,1977,True,True,5.84,770703.0,11712.811550151977,770703.0,13.55505966183955
10581,Targówek,69.0,3,7,1952,True,False,10.71,709404.0,10281.217391304348,709404.0,13.472181869506574
10582,Ochota,79.4,4,10,1968,False,False,5.88,10003209.335955232,125985.0042311742,2101934.039999999,16.118416633033583
10583,Bielany,64.0,3,8,1984,False,False,10.14,610859.0,9544.671875,610859.0,13.322623079329297
10584,Wola,49.7,3,1,1966,True,False,4.51,719932.0,14485.553319919516,719932.0,13.486913431106746
10585,Wilanów,69.8,4,5,2024,False,False,10.16,1336387.0,19145.945558739255,1336387.0,14.105481010076923
10586,Ochota,96.8,6,5,1984,True,True,3.86,1693411.0,17493.915289256198,1693411.0,14.34225598650039
10587,Wola,52.1,3,7,1968,False,False,8.53,659576.0,12659.808061420345,659576.0,13.399353999441672
10588,Ursynów,33.6,2,9,1975,True,False,6.22,452356.0,13462.976190476189,452356.0,13.022226970077163
10589,Ursynów,79.4,4,11,2003,True,True,0.69,1499035.0,18879.53400503778,1499035.0,14.220332792807028
10590,Bemowo,52.4,2,4,1960,True,False,3.11,537815.0,10263.645038167939,537815.0,13.195271773211097
10591,Śródmieście,18.0,1,8,2018,True,False,1.46,444005.0,24666.944444444445,444005.0,13.00359335483657
10592,Targówek,73.6,3,0,2023,False,True,21.59,587238.0,7978.777173913044,587238.0,13.283187170970672
10593,Mokotów,43.2,3,8,1979,True,False,7.54,700731.0,16220.624999999998,700731.0,13.459880781932943
10594,Bemowo,53.0,3,9,1994,True,False,3.72,717254.0,13533.094339622641,717254.0,13.483186704889373
10595,Praga-Południe,62.3,5,6,1953,True,True,1.71,742217.0,11913.595505617977,742217.0,13.517398279537675
10596,Mokotów,59.2,4,3,2006,True,True,5.71,1067207.0,18027.14527027027,1067207.0,13.880556450367274
10597,Białołęka,70.6,4,2,1992,True,True,7.46,892592.0,12642.946175637395,892592.0,13.701885988887986
10598,Bielany,45.4,2,9,1981,True,False,3.69,619540.0,13646.25550660793,619540.0,13.336734160266541
10599,Praga-Południe,66.3,4,10,1975,False,False,6.47,810345.0,12222.398190045249,810345.0,13.605216595935378
10600,Praga-Południe,49.3,4,5,2007,False,False,11.21,682494.0,13843.691683569981,682494.0,13.43351048000709
10601,Bemowo,71.3,3,11,1992,False,True,2.73,1045586.0,14664.60028050491,1045586.0,13.860089008162065
10602,Śródmieście,68.5,3,0,1973,True,True,3.57,1220478.0,17817.19708029197,1220478.0,14.014753962604036
10603,Bemowo,34.4,2,2,2009,True,True,1.39,649429.0,18878.75,649429.0,13.383850334072925
10604,Białołęka,78.9,5,1,2002,True,False,11.53,730710.0,9261.216730038022,730710.0,13.50177331172375
10605,Wilanów,43.2,3,10,2018,True,False,0.5,872851.0,20204.88425925926,872851.0,13.679521290094748
10606,Ochota,72.8,5,8,1966,True,False,4.12,926605.0,12728.09065934066,926605.0,13.739283727229711
10607,Ochota,63.1,3,2,2014,False,True,14.24,922487.0,14619.44532488114,922487.0,13.734829646682131
10608,Śródmieście,95.4,4,1,2008,True,False,0.56,2039469.0,21378.081761006288,2039469.0,14.528200528143945
10609,Białołęka,50.1,3,3,1966,False,False,6.71,399956.0,7983.15369261477,399956.0,12.89911232031158
10610,Śródmieście,47.3,2,1,2009,False,True,7.88,1009677.0,21346.236786469344,1009677.0,13.825142026104942
10611,Wola,54.6,2,0,1994,False,False,7.55,732154.0,13409.413919413919,732154.0,13.50374751916175
10612,Ochota,48.3,3,5,2022,False,True,9.29,896659.0,18564.368530020703,896659.0,13.706432027938035
10613,Praga-Południe,72.6,4,9,1969,True,True,6.22,828757.0,11415.38567493113,828757.0,13.627683473527625
10614,Targówek,19.4,1,7,2006,True,True,5.98,249378.0,12854.536082474227,249378.0,12.426729106597875
10615,Bielany,31.8,2,9,1989,True,False,1.48,533866.0,16788.238993710693,533866.0,13.187902023250412
10616,Białołęka,31.5,2,9,2022,True,True,4.98,498235.0,15816.984126984127,498235.0,13.118829139336071
10617,Mokotów,75.9,4,1,1986,True,True,6.09,1606454.0,21165.401844532276,1606454.0,14.289540445941247
10618,Śródmieście,92.6,4,8,2023,True,True,3.18,2114985.0,22840.01079913607,2101934.039999999,14.564558751055264
10619,Bielany,52.7,3,2,2020,True,False,2.85,861853.0,16353.946869070207,861853.0,13.666841161750627
10620,Mokotów,51.3,3,7,1981,False,False,7.48,774129.0,15090.233918128655,774129.0,13.559495097124719
10621,Bielany,56.5,3,11,2015,False,False,8.72,770393.0,13635.274336283186,770393.0,13.55465735127373
10622,Targówek,80.6,5,7,2024,True,True,3.0,1267493.0,15725.719602977668,1267493.0,14.052552280708461
10623,Mokotów,34.6,1,2,1979,True,True,4.58,650027.0,18786.907514450868,650027.0,13.384770717867113
10624,Bemowo,60.2,3,2,1993,True,True,6.8,911135.0,15135.132890365448,911135.0,13.72244745159833
10625,Ursynów,76.5,3,11,1999,True,True,3.23,1070962.0,13999.503267973856,1070962.0,13.884068801680925
10626,Bemowo,66.0,4,5,1983,False,False,5.35,733692.0,11116.545454545454,733692.0,13.50584596397237
10627,Ochota,59.2,4,0,1952,True,False,6.35,607350.0,10259.29054054054,607350.0,13.316862156624138
10628,Ursynów,77.0,4,3,1977,True,False,15.81,836722.0,10866.51948051948,836722.0,13.63724835085054
10629,Bemowo,18.0,1,0,1982,False,False,4.62,250640.0,13924.444444444445,250640.0,12.431776915404262
10630,Ursynów,69.9,4,2,1994,False,True,1.22,1070632.0,15316.62374821173,1070632.0,13.883760620303473
10631,Wilanów,40.6,3,8,1972,True,True,1.55,710007.0,17487.85714285714,710007.0,13.473031516559653
10632,Ursynów,18.0,1,4,2018,True,False,3.22,273240.0,15180.0,273240.0,12.518109468625356
10633,Praga-Południe,66.2,3,11,2010,True,True,4.2,1095583.0,16549.592145015104,1095583.0,13.906798112394396
10634,Śródmieście,85.2,4,4,1962,True,True,10.79,1602348.0,18806.901408450703,1602348.0,14.286981235568136
10635,Śródmieście,52.0,3,10,2007,True,True,18.39,947069.0,18212.865384615383,947069.0,13.761128287071077
10637,Bielany,90.5,5,2,2022,True,True,7.57,1389612.0,15354.828729281768,1389612.0,14.144535849075405
10638,Wola,83.9,5,4,1950,True,False,12.49,761617.0,9077.6758045292,761617.0,13.543200396633784
10639,Bielany,91.1,5,10,1979,True,False,8.51,1213862.0,13324.500548847422,1213862.0,14.009318394151158
10640,Mokotów,71.3,4,3,2021,False,True,4.27,1388425.0,19473.001402524544,1388425.0,14.143681289386189
10641,Mokotów,56.7,3,7,2021,True,True,5.01,1103482.0,19461.763668430332,1103482.0,13.913982099032395
10642,Ursynów,19.8,2,3,2010,True,False,5.38,309329.0,15622.676767676767,309329.0,12.6421639471801
10643,Bemowo,49.6,3,10,2013,False,True,13.0,550150.0,11091.733870967742,550150.0,13.217948064982492
10644,Bemowo,36.4,2,11,1963,True,True,10.2,330445.0,9078.15934065934,330445.0,12.708198536119632
10645,Śródmieście,102.8,5,7,1998,False,True,9.84,2035486.0,19800.447470817122,2035486.0,14.526245660267586
10646,Białołęka,51.1,3,5,1978,True,True,7.22,642445.0,12572.309197651663,642445.0,13.373038045526783
10647,Bielany,57.7,4,11,1973,True,False,6.25,825485.0,14306.499133448873,825485.0,13.623727582779972
10648,Wilanów,67.1,3,10,2015,True,False,4.83,1379956.0,20565.663189269748,1379956.0,14.137562897227633
10649,Ochota,56.0,4,4,1968,True,True,2.1,902549.0,16116.94642857143,902549.0,13.712979369316608
10650,Targówek,92.3,5,3,1995,True,True,8.38,1387648.0,15034.106175514627,1387648.0,14.143121506224501
10651,Bemowo,41.3,2,3,2022,True,True,3.65,742856.0,17986.828087167072,742856.0,13.518258842188631
10652,Targówek,59.3,3,11,1973,True,True,9.2,658358.0,11102.158516020236,658358.0,13.397505654231034
10653,Ursynów,38.7,1,3,2023,True,False,0.98,733327.0,18949.018087855296,733327.0,13.505348356906715
10654,Targówek,26.0,2,10,2024,True,False,2.44,428775.0,16491.346153846152,428775.0,12.968689917023088
10655,Ochota,41.5,1,8,2001,True,False,9.99,601825.0,14501.807228915663,601825.0,13.307723645966995
10656,Praga-Południe,54.2,2,3,1972,True,False,13.03,456122.0,8415.535055350552,456122.0,13.030517788966186
10657,Ochota,45.6,1,11,1985,True,False,9.15,499823.0,10961.030701754386,499823.0,13.122011315437787
10658,Targówek,39.8,2,8,1992,True,False,2.74,573163.0,14401.080402010051,573163.0,13.258927167660259
10659,Ochota,24.1,1,9,1984,True,True,10.49,361998.0,15020.663900414937,361998.0,12.799396728373154
10660,Wola,53.2,3,5,1982,True,True,2.89,946585.0,17792.95112781955,946585.0,13.760617106570987
10661,Ursynów,21.9,1,9,2023,True,False,10.57,357985.0,16346.34703196347,357985.0,12.78824915847292
10662,Bielany,71.7,3,6,1970,False,True,2.28,848471.0,11833.626220362621,848471.0,13.6511923637012
10663,Praga-Południe,56.8,3,11,2011,True,False,3.98,656382.0,11556.021126760565,656382.0,13.394499739020523
10664,Wilanów,22.9,1,9,1950,True,False,0.5,359037.0,15678.471615720526,359037.0,12.791183511450917
10665,Bemowo,48.2,3,2,2003,True,False,2.42,809808.0,16800.995850622407,809808.0,13.604553696373712
10666,Mokotów,38.5,2,7,2020,True,True,8.33,757447.0,19673.948051948053,757447.0,13.53771016714467
10667,Bielany,62.0,4,2,1982,True,False,16.68,517637.0,8348.983870967742,517637.0,13.157031435239093
10668,Mokotów,84.5,5,0,1973,True,True,10.99,1273589.0,15072.059171597633,1273589.0,14.057350242282636
10669,Ursynów,18.0,1,9,2007,True,False,8.94,229700.0,12761.111111111111,229700.0,12.344533742172285
10670,Praga-Południe,57.5,3,11,2010,True,True,1.57,789997.0,13739.078260869564,789997.0,13.57978569279443
10671,Śródmieście,51.5,3,4,2009,True,False,4.03,1139132.0,22119.06796116505,1139132.0,13.945778004708037
10672,Bemowo,69.8,4,1,1985,True,False,14.43,799455.0,11453.510028653296,799455.0,13.5916867753452
10673,Wola,59.7,3,9,1979,True,True,5.61,941128.0,15764.28810720268,941128.0,13.754835497375826
10674,Śródmieście,38.5,2,5,2022,True,False,2.04,953650.0,24770.12987012987,953650.0,13.76805305540676
10675,Ursynów,48.0,3,9,2021,True,False,4.01,741847.0,15455.145833333334,741847.0,13.51689964941251
10676,Bielany,37.5,2,8,1995,True,True,0.8,605292.0,16141.12,605292.0,13.313467917299445
10677,Wola,78.7,4,0,2017,True,False,9.54,1234431.0,15685.273189326555,1234431.0,14.02612150322068
10678,Ochota,55.5,3,3,1994,True,True,1.72,942887.0,16988.954954954956,942887.0,13.756702784678543
10679,Targówek,96.8,5,0,1992,True,False,5.43,1258512.0,13001.157024793389,1258512.0,14.045441423261805
10680,Wola,53.7,2,0,1970,False,False,1.98,847088.0,15774.450651769086,847088.0,13.649561044855458
10681,Wilanów,39.4,2,7,1993,True,True,6.12,743621.0,18873.629441624365,743621.0,13.519288120190591
10682,Ursynów,21.7,1,10,2000,True,True,9.21,346889.0,15985.668202764977,346889.0,12.756763005791116
10683,Białołęka,18.0,1,1,1953,False,False,3.67,175357.0,9742.055555555555,199597.62,12.07458487756726
10684,Targówek,20.1,1,0,1994,True,True,12.16,260985.0,12984.328358208953,260985.0,12.47222204501942
10685,Mokotów,60.9,3,10,2014,True,True,8.61,1226903.0,20146.190476190477,1226903.0,14.020004481023369
10686,Bemowo,66.2,3,7,2008,False,False,7.69,1074430.0,16230.060422960725,1074430.0,13.887301777088393
10687,Mokotów,20.2,1,3,2006,True,True,11.92,379173.0,18770.940594059408,379173.0,12.845750481611445
10688,Wola,74.7,5,2,2020,True,True,6.19,1413744.0,18925.62248995984,1413744.0,14.161752769713022
10689,Mokotów,44.4,2,11,1953,False,False,4.21,655108.0,14754.684684684686,655108.0,13.392556912986153
10690,Wilanów,58.2,3,3,2001,False,True,7.04,1092142.0,18765.326460481097,1092142.0,13.903652379094424
10691,Ursynów,90.5,5,10,2014,True,True,2.08,1545519.0,17077.558011049725,1545519.0,14.250870981266436
10692,Ochota,74.7,4,4,2000,True,True,9.78,1232325.0,16496.987951807227,1232325.0,14.024413998462059
10693,Bielany,49.1,2,0,1985,True,False,9.79,516396.0,10517.230142566192,516396.0,13.154631128487711
10694,Bemowo,35.4,1,10,1968,True,False,4.63,462277.0,13058.672316384182,462277.0,13.043921720697739
10695,Wilanów,18.0,1,0,2019,True,False,3.49,406893.0,22605.166666666668,406893.0,12.916307988243314
10696,Wilanów,39.2,2,2,1996,True,True,6.31,778216.0,19852.448979591834,778216.0,13.564760684577974
10697,Mokotów,50.4,3,5,2019,True,True,1.82,1159014.0,22996.309523809523,1159014.0,13.963081064429684
10698,Mokotów,33.3,1,0,2003,True,True,4.14,616542.0,18514.774774774778,616542.0,13.331883347734914
10699,Wola,52.1,3,10,2008,True,True,11.54,895521.0,17188.502879078693,895521.0,13.705162067461982
10700,Bielany,56.7,3,11,2015,True,False,2.46,955333.0,16848.90652557319,955333.0,13.769816296538608
10701,Śródmieście,50.1,3,1,2007,False,True,12.51,953921.0,19040.339321357285,953921.0,13.76833718608152
10702,Mokotów,40.7,2,11,1991,False,True,7.27,706890.0,17368.304668304667,706890.0,13.468631760432785
10703,Ursynów,58.7,3,6,1998,True,True,7.89,935716.0,15940.647359454855,935716.0,13.749068359315272
10704,Białołęka,64.7,4,0,2015,False,False,3.53,924559.0,14289.938176197835,924559.0,13.737073227649322
10705,Bemowo,31.0,1,6,1989,False,False,2.76,365235.0,11781.774193548386,365235.0,12.808298998967317
10706,Mokotów,86.0,5,3,1990,True,False,4.47,1589421.0,18481.63953488372,1589421.0,14.278880986093691
10707,Ursynów,52.8,4,9,1964,True,False,14.79,591740.0,11207.19696969697,591740.0,13.290824318135096
10708,Ursynów,55.4,3,5,2020,True,False,3.38,918071.0,16571.67870036101,918071.0,13.730031097899598
10709,Bemowo,70.6,4,7,1963,True,True,0.66,954421.0,13518.71104815864,954421.0,13.768861200631772
10710,Śródmieście,60.1,3,8,2006,True,True,5.87,1373795.0,22858.485856905158,1373795.0,14.13308826912571
10711,Ursynów,76.0,5,5,1992,True,False,11.08,892603.0,11744.776315789473,892603.0,13.701898312457878
10712,Białołęka,61.3,3,11,1991,True,False,6.35,840668.0,13713.99673735726,840668.0,13.64195328240998
10713,Ursynów,41.5,2,10,2008,True,False,15.39,595213.0,14342.481927710844,595213.0,13.29667628372977
10714,Ursynów,63.0,3,8,1960,True,False,8.27,826784.0,13123.555555555555,826784.0,13.625299964390054
10715,Ursynów,29.8,2,3,2003,False,False,6.41,488744.0,16400.805369127516,488744.0,13.099596160050355
10716,Ochota,57.4,3,5,2013,True,False,4.43,979653.0,17067.12543554007,979653.0,13.794954727081477
10717,Ochota,54.3,3,7,2016,False,False,7.62,698973.0,12872.43093922652,698973.0,13.457368824529881
10718,Śródmieście,50.4,3,8,1972,True,False,1.5,1021297.0,20263.829365079364,1021297.0,13.836584925275817
10719,Mokotów,52.2,3,2,2020,False,True,14.8,893192.0,17110.95785440613,893192.0,13.702557961926836
10720,Ursynów,18.0,1,1,2007,True,False,9.23,300690.0,16705.0,300690.0,12.61383843836575
10721,Bielany,42.9,3,5,2019,True,False,9.2,687229.0,16019.32400932401,687229.0,13.440424304112584
10722,Mokotów,57.0,2,3,1997,True,True,5.27,1052089.0,18457.701754385966,1052089.0,13.866289219951284
10723,Śródmieście,58.5,4,0,2000,True,False,12.3,1067715.0,18251.53846153846,1067715.0,13.881032345536926
10724,Praga-Południe,32.4,2,7,2021,False,False,4.77,505340.0,15596.913580246914,505340.0,13.132988727905216
10725,Mokotów,82.8,5,8,2020,True,True,3.7,1384375.0,16719.504830917875,1384375.0,14.140760054563007
10726,Mokotów,35.9,2,8,1994,False,False,5.64,579841.0,16151.559888579388,579841.0,13.270510931618121
10727,Targówek,76.3,4,1,1981,True,True,9.43,1028374.0,13478.034076015729,1028374.0,13.84349044447123
10728,Wola,64.4,3,8,1990,True,False,3.24,1028572.0,15971.614906832297,1028572.0,13.84368296270758
10729,Targówek,40.8,2,6,1990,False,False,2.84,481721.0,11806.887254901962,481721.0,13.08512246315522
10730,Białołęka,94.1,5,4,1982,True,True,2.76,1270556.0,13502.18916046759,1270556.0,14.05496594496267
10731,Ochota,28.7,2,6,1981,True,True,3.9,511510.0,17822.648083623695,511510.0,13.145124369518925
10732,Ochota,75.2,4,8,2018,False,False,10.03,1168864.0,15543.404255319148,1168864.0,13.971543750466417
10733,Wola,77.0,4,7,1960,False,True,6.14,968466.0,12577.48051948052,968466.0,13.783469687939439
10734,Bemowo,40.2,2,5,2008,False,True,2.16,711158.0,17690.49751243781,711158.0,13.474651312476192
10735,Bemowo,85.6,4,3,1972,False,False,19.95,947579.0,11069.848130841123,947579.0,13.761666645092156
10736,Śródmieście,49.5,3,0,1987,True,True,1.9,1046348.0,21138.343434343435,1046348.0,13.8608175199652
10737,Wilanów,61.4,3,5,1959,False,True,3.92,1195254.0,19466.677524429968,1195254.0,13.993870109704867
10738,Wola,60.7,3,2,1981,True,False,2.67,947273.0,15605.815485996704,947273.0,13.761343665060279
10739,Mokotów,52.0,3,5,2013,False,False,3.31,1001825.0,19265.865384615383,1001825.0,13.817334892852962
10740,Bemowo,72.8,4,5,2019,True,False,5.68,1191378.0,16365.082417582418,1191378.0,13.990622017699405
10741,Ursynów,72.5,4,3,1977,True,False,4.67,899796.0,12410.979310344828,899796.0,13.709924461309413
10742,Wilanów,18.0,1,1,1995,True,True,3.02,339773.0,18876.277777777777,339773.0,12.736035969695092
10743,Bielany,83.7,4,8,1996,True,True,6.71,1234676.0,14751.206690561528,1234676.0,14.026319955375529
10744,Mokotów,18.4,1,1,2018,True,True,7.38,304322.0,16539.239130434784,304322.0,12.625844916334737
10745,Białołęka,77.7,4,2,2013,False,False,8.25,1039726.0,13381.287001287,1039726.0,13.8544687366584
10746,Ursynów,79.8,5,9,1998,False,False,5.75,885733.0,11099.411027568924,885733.0,13.694171958776815
10747,Ursynów,31.0,2,0,2008,True,False,7.18,464222.0,14974.90322580645,464222.0,13.048120319203822
10748,Wola,46.0,3,6,2017,False,False,8.13,690213.0,15004.630434782608,690213.0,13.444756973415982
10749,Wilanów,30.7,1,0,1951,True,False,3.35,466010.0,15179.478827361563,466010.0,13.0519645179794
10750,Śródmieście,50.3,3,10,1991,True,True,17.14,709455.0,14104.473161033799,709455.0,13.472253758155318
10751,Białołęka,48.2,2,8,2020,True,True,14.47,491138.0,10189.585062240663,491138.0,13.104482462435639
10752,Bemowo,72.2,3,10,2012,False,True,9.34,969183.0,13423.587257617728,969183.0,13.784209759327656
10753,Wola,83.8,4,10,2000,True,True,4.23,1573307.0,18774.546539379477,1573307.0,14.26869096706908
10754,Bemowo,85.7,5,0,1999,True,False,1.0,1319495.0,15396.674445740957,1319495.0,14.092760403469613
10755,Wola,42.6,3,4,1987,True,True,1.24,823404.0,19328.732394366198,823404.0,13.621203460682308
10756,Wola,50.4,3,6,1999,True,False,4.47,840664.0,16679.84126984127,840664.0,13.641948524283398
10757,Wola,18.0,1,2,2007,True,False,14.54,257825.0,14323.611111111111,257825.0,12.460040217776573
10758,Wilanów,37.3,2,8,1992,True,True,4.81,638467.0,17117.07774798928,638467.0,13.366826835736006
10759,Śródmieście,76.2,4,7,2010,True,False,2.64,1707013.0,22401.745406824146,1707013.0,14.350256203266085
10760,Wola,90.5,5,2,2018,True,False,2.77,1667112.0,18421.127071823204,1667112.0,14.326603945878245
10761,Praga-Południe,27.8,1,4,1970,False,True,14.35,196654.0,7073.884892086331,199597.62,12.189206203420273
10762,Bielany,42.0,2,6,1994,True,False,4.54,528357.0,12579.92857142857,528357.0,13.177529363232733
10763,Bemowo,54.4,3,11,1991,True,False,13.82,673338.0,12377.536764705883,673338.0,13.42000419651545
10764,Mokotów,61.2,4,3,2009,True,False,2.52,1155529.0,18881.192810457516,1155529.0,13.960069671146218
10765,Targówek,37.2,1,4,1979,False,False,2.89,422030.0,11344.892473118278,422030.0,12.952834050035756
10766,Białołęka,64.3,3,2,2006,True,False,3.83,797505.0,12402.877138413687,797505.0,13.589244637123807
10767,Ochota,44.6,3,8,2019,False,False,7.51,578344.0,12967.354260089685,578344.0,13.26792585540218
10768,Śródmieście,54.7,3,9,1992,True,True,8.7,941659.0,17214.972577696524,941659.0,13.75539955422349
10769,Mokotów,67.0,4,8,2020,False,True,3.16,1301233.0,19421.388059701494,1301233.0,14.078823602966365
10770,Ursynów,55.1,3,6,2024,True,True,3.46,1135693.0,20611.48820326679,1135693.0,13.942754475780461
10771,Praga-Południe,45.4,2,9,1965,True,True,1.64,587770.0,12946.47577092511,587770.0,13.284092695240851
10772,Ochota,52.6,2,1,1978,True,False,1.59,864958.0,16444.06844106464,864958.0,13.670437385946725
10773,Targówek,53.1,3,6,2022,True,False,2.69,703322.0,13245.23540489642,703322.0,13.463571524733084
10774,Mokotów,46.9,3,6,2023,False,True,13.01,816670.0,17413.006396588487,816670.0,13.612991599961171
10775,Ochota,49.3,3,10,1964,False,True,2.66,639401.0,12969.594320486816,639401.0,13.368288643535422
10776,Mokotów,90.2,5,4,1952,True,True,5.76,1192983.0,13225.975609756097,1192983.0,13.99196828942264
10777,Praga-Południe,67.3,4,8,1971,True,False,4.18,872623.0,12966.166419019317,872623.0,13.679260043304419
10778,Targówek,48.5,3,11,2024,True,False,2.51,727887.0,15007.9793814433,727887.0,13.497902469189443
10779,Ursynów,70.3,4,10,1973,True,False,8.0,731830.0,10410.099573257468,731830.0,13.50330489197093
10780,Wola,47.7,3,2,1998,True,False,3.54,802335.0,16820.440251572327,802335.0,13.595282751730961
10781,Bemowo,80.8,5,3,2017,False,True,9.65,1089631.0,13485.532178217822,1089631.0,13.901350582521761
10782,Ursynów,63.1,3,0,1953,False,True,9.83,567138.0,8987.923930269413,567138.0,13.248359702577376
10783,Wola,52.6,4,5,2004,True,True,3.65,894606.0,17007.718631178708,894606.0,13.704139794676406
10784,Wilanów,64.8,3,3,1981,False,True,8.84,1224674.0,18899.29012345679,1224674.0,14.01818606063862
10785,Wilanów,20.4,2,0,2018,True,False,8.82,409511.0,20074.068627450983,409511.0,12.922721485875211
10786,Wilanów,30.2,1,1,1982,True,False,4.38,411586.0,13628.675496688742,411586.0,12.927775698381048
10787,Śródmieście,28.7,2,2,2009,True,False,3.98,628499.0,21898.91986062718,628499.0,13.351091307012439
10788,Bielany,58.1,3,8,2008,True,False,6.72,822292.0,14153.046471600688,822292.0,13.619852058214496
10789,Białołęka,93.1,4,7,1977,True,True,16.37,896674.0,9631.299677765845,896674.0,13.706448756547024
10790,Białołęka,104.1,6,6,1955,True,True,11.01,922363.0,8860.355427473583,922363.0,13.73469521855436
10791,Wilanów,69.0,4,10,1991,True,False,5.67,1252861.0,18157.405797101448,1252861.0,14.040941092138445
10792,Bemowo,66.0,3,11,1982,True,False,0.99,1010647.0,15312.833333333334,1010647.0,13.826102267248732
10793,Targówek,18.0,1,3,2015,False,True,5.28,287450.0,15969.444444444445,287450.0,12.568807689911276
10794,Praga-Południe,43.1,2,0,2015,True,False,0.98,680883.0,15797.749419953596,680883.0,13.431147232883909
10795,Targówek,37.7,2,7,1995,False,False,1.42,522670.0,13863.92572944297,522670.0,13.166707482006338
10796,Praga-Południe,41.3,3,3,2004,False,True,2.97,580656.0,14059.46731234867,580656.0,13.27191550005633
10797,Targówek,51.3,3,2,2004,True,False,5.77,557606.0,10869.512670565302,557606.0,13.231409692151662
10798,Bielany,44.6,2,8,2016,True,True,3.25,648054.0,14530.358744394618,648054.0,13.381730848275811
10799,Śródmieście,18.0,2,9,1993,False,False,11.69,286871.0,15937.277777777777,286871.0,12.566791402225926
10800,Śródmieście,71.5,4,3,1981,True,False,5.31,1338733.0,18723.53846153846,1338733.0,14.10723494922543
10801,Wilanów,31.4,2,3,1980,False,False,3.35,440536.0,14029.808917197453,440536.0,12.995749716290655
10802,Wola,60.3,3,8,2000,True,True,8.4,909625.0,15084.991708126037,909625.0,13.720788805002913
10803,Ochota,100.6,5,11,1994,True,True,3.08,1654993.0,16451.222664015906,1654993.0,14.319307941409084
10804,Śródmieście,34.8,2,10,1994,False,True,5.87,763374.0,21936.034482758623,763374.0,13.545504670525435
10805,Śródmieście,18.0,1,11,1963,False,True,0.55,354800.0,19711.11111111111,354800.0,12.779312347902879
10806,Ursynów,48.7,3,1,2010,False,False,3.04,685389.0,14073.696098562628,685389.0,13.437743298295784
10807,Ursynów,79.2,4,11,1976,True,False,11.22,954716.0,12054.494949494949,954716.0,13.769170240468418
10808,Wola,98.1,6,4,1974,False,True,7.26,1214640.0,12381.65137614679,1214640.0,14.009959117844936
10809,Ochota,27.9,2,3,1992,False,True,6.31,389641.0,13965.62724014337,389641.0,12.872983647814948
10810,Bemowo,65.9,4,8,1977,False,True,8.02,656668.0,9964.613050075872,656668.0,13.394935365339242
10811,Ursynów,44.8,3,11,2003,True,False,11.28,638370.0,14249.330357142859,638370.0,13.366674898020777
10812,Bemowo,52.7,3,4,1989,True,True,5.23,742624.0,14091.537001897532,742624.0,13.517946485658042
10813,Mokotów,113.2,6,8,1994,False,True,3.65,1963511.0,17345.503533568903,1963511.0,14.49024526451705
10814,Ursynów,21.9,1,10,2000,True,False,8.79,334452.0,15271.78082191781,334452.0,12.72025164045699
10815,Bielany,60.6,4,8,1975,True,True,4.65,738091.0,12179.719471947194,738091.0,13.511823757059654
10816,Ochota,65.3,3,1,1970,True,False,3.6,951435.0,14570.214395099541,951435.0,13.765727701238585
10817,Wola,78.9,4,8,2019,True,False,4.25,1662080.0,21065.652724968313,1662080.0,14.323580989672042
10818,Mokotów,57.2,3,2,1993,True,True,7.23,906581.0,15849.31818181818,906581.0,13.717436762890726
10819,Ochota,61.8,4,3,1992,True,False,1.14,848609.0,13731.53721682848,848609.0,13.651354995795943
10820,Wilanów,46.4,3,0,1956,False,False,7.32,522959.0,11270.668103448275,522959.0,13.16726025828661
10821,Bielany,60.9,3,0,1997,True,False,2.24,927543.0,15230.591133004926,927543.0,13.740295511691617
10822,Ochota,47.4,1,0,2001,True,True,3.23,955912.0,20166.91983122363,955912.0,13.770422183708305
10823,Bielany,68.7,4,8,2001,True,True,1.81,1289056.0,18763.551673944687,1289056.0,14.069421501269469
10824,Bielany,46.9,3,10,2010,True,False,8.23,719176.0,15334.243070362474,719176.0,13.485862781650424
10825,Bemowo,63.3,4,7,1973,True,False,6.32,855557.0,13515.908372827806,855557.0,13.659509166626469
10826,Targówek,54.4,3,4,1979,True,True,2.25,768009.0,14117.8125,768009.0,13.551558032878372
10827,Wilanów,79.8,4,4,2015,True,True,9.08,1629363.0,20418.08270676692,1629363.0,14.303700312592262
10828,Mokotów,53.9,2,8,2022,False,True,1.44,1133518.0,21030.018552875696,1133518.0,13.940837511030082
10829,Ochota,18.0,1,2,1968,True,True,4.07,243250.0,13513.888888888889,243250.0,12.401849111036718
10830,Praga-Południe,82.8,4,2,1997,True,False,1.72,1370040.0,16546.376811594204,1370040.0,14.130351224363803
10831,Mokotów,35.1,3,6,1976,True,True,4.74,653237.0,18610.74074074074,653237.0,13.389696813524123
10832,Targówek,40.6,3,8,1959,True,True,3.6,433127.0,10668.152709359605,433127.0,12.978788575309244
10833,Mokotów,41.9,2,5,1985,False,False,2.06,710771.0,16963.508353221958,710771.0,13.474106982252636
10834,Śródmieście,85.2,4,1,1969,False,True,5.35,1754948.0,20597.981220657275,1754948.0,14.377950354630798
10835,Praga-Południe,18.0,1,0,2010,True,False,2.38,275387.0,15299.277777777777,275387.0,12.525936291342612
10836,Targówek,124.0,6,1,2000,True,False,0.72,1707704.0,13771.806451612903,1707704.0,14.350660921785783
10837,Bemowo,78.2,5,0,1969,True,True,1.39,1259565.0,16106.969309462915,1259565.0,14.046277775148603
10838,Ochota,59.9,3,9,1951,True,False,4.02,765933.0,12786.86143572621,765933.0,13.548851283130684
10839,Białołęka,53.8,3,9,2015,False,False,4.43,651539.0,12110.390334572492,651539.0,13.387094070439002
10840,Targówek,61.3,4,8,1972,True,True,2.86,680925.0,11108.075040783035,680925.0,13.431208915497509
10841,Wola,66.5,4,9,2004,True,True,12.59,762309.0,11463.293233082706,762309.0,13.544108576085259
10842,Ochota,69.2,4,11,1986,True,False,6.63,1195377.0,17274.23410404624,1195377.0,13.993973011321392
10843,Wilanów,67.2,3,7,2003,True,False,6.98,1099454.0,16360.922619047618,1099454.0,13.910325160444986
10844,Targówek,57.0,3,6,1985,True,False,2.64,807837.0,14172.578947368422,807837.0,13.602116822351908
10845,Śródmieście,50.7,3,2,1963,True,True,2.39,923352.0,18212.071005917158,923352.0,13.735766888907566
10846,Białołęka,51.7,2,7,1977,False,False,6.04,563726.0,10903.791102514506,563726.0,13.242325370740591
10847,Śródmieście,50.7,4,1,1974,True,True,4.38,1055762.0,20823.70808678501,1055762.0,13.869774286241572
10848,Białołęka,79.9,5,1,1993,True,False,6.42,812843.0,10173.25406758448,812843.0,13.608294488199437
10849,Wilanów,68.1,4,10,2007,True,False,4.34,1371688.0,20142.261380323056,1371688.0,14.131553385188154
10850,Wola,18.0,1,9,1980,False,False,8.45,236708.0,13150.444444444445,236708.0,12.374586817592915
10851,Ochota,69.4,4,2,1952,True,False,5.39,904660.0,13035.446685878962,904660.0,13.71531556687198
10852,Bemowo,59.3,3,6,1999,False,False,4.74,931355.0,15705.817875210794,931355.0,13.744396867701631
10853,Śródmieście,54.6,3,0,2004,False,False,7.35,1126858.0,20638.42490842491,1126858.0,13.93494467428096
10854,Śródmieście,46.5,3,7,2023,False,True,13.65,943470.0,20289.677419354837,943470.0,13.757320906699391
10855,Bielany,79.7,5,11,2003,True,False,8.13,1322544.0,16594.027603513176,1322544.0,14.095068468600733
10856,Białołęka,75.8,5,6,1996,True,False,1.94,988644.0,13042.796833773087,988644.0,13.80409059773468
10857,Ursynów,38.0,2,3,2002,True,True,4.64,628268.0,16533.36842105263,628268.0,13.3507236976863
10858,Ochota,64.0,3,4,2021,True,False,4.75,1089050.0,17016.40625,1089050.0,13.900817232774438
10859,Białołęka,33.6,3,9,2016,True,True,6.53,421166.0,12534.70238095238,421166.0,12.950784708594279
10860,Bielany,24.6,2,0,1985,True,False,4.0,282264.0,11474.146341463415,282264.0,12.55060162497535
10861,Mokotów,41.2,4,3,1978,False,False,5.28,570582.0,13849.077669902912,570582.0,13.25441392411757
10862,Białołęka,74.0,4,0,1980,True,True,5.57,802331.0,10842.31081081081,802331.0,13.595277766276025
10863,Bemowo,76.0,4,0,1998,True,False,6.3,1015403.0,13360.565789473685,1015403.0,13.830797120821924
10864,Ochota,66.3,3,9,2012,True,True,1.93,1326839.0,20012.65460030166,1326839.0,14.098310733324448
10865,Bielany,71.0,4,0,1998,True,False,2.16,1001545.0,14106.267605633802,1001545.0,13.817055364136554
10866,Mokotów,66.4,3,6,1960,True,False,16.21,786063.0,11838.298192771083,786063.0,13.5747934930329
10867,Praga-Południe,40.9,3,6,2011,True,True,0.9,634640.0,15516.870415647922,634640.0,13.360814763671101
10868,Bielany,64.5,3,3,2015,True,True,5.53,1294516.0,20070.01550387597,1294516.0,14.073648210571083
10869,Praga-Południe,72.6,3,11,1982,True,True,8.13,1084333.0,14935.716253443527,1084333.0,13.896476531604282
10870,Ochota,71.6,4,1,2007,False,False,2.49,9586610.130808514,133891.202944253,2101934.039999999,16.075878009101128
10871,Śródmieście,81.2,4,11,1993,False,False,10.98,1448110.0,17833.86699507389,1448110.0,14.18577050644833
10872,Bielany,70.6,4,2,2019,False,True,5.42,971141.0,13755.538243626064,971141.0,13.786227977569963
10873,Wola,62.7,2,7,2017,True,True,13.92,1007030.0,16061.08452950558,1007030.0,13.822516955735306
10874,Praga-Południe,78.5,4,7,1999,True,True,2.67,1108872.0,14125.75796178344,1108872.0,13.918854742191456
10875,Bemowo,54.4,2,10,2009,True,False,4.68,869681.0,15986.783088235294,869681.0,13.675882906571678
10876,Wola,35.6,2,10,2019,True,False,3.73,599670.0,16844.662921348314,599670.0,13.30413645047525
10877,Targówek,51.4,4,5,1997,True,True,3.37,867791.0,16883.093385214008,867791.0,13.673707333589906
10878,Targówek,38.6,2,9,1984,True,False,3.52,478816.0,12404.559585492227,478816.0,13.079073757465894
10879,Mokotów,40.1,2,8,2012,True,True,4.21,744215.0,18558.977556109727,744215.0,13.520086594260428
10880,Śródmieście,51.8,3,10,1977,True,False,3.99,990160.0,19115.057915057918,990160.0,13.805622835151182
10881,Ochota,37.6,2,11,1990,False,False,8.73,545445.0,14506.515957446807,545445.0,13.209359087604568
10882,Bielany,48.2,3,8,2018,True,False,8.28,739473.0,15341.763485477177,739473.0,13.513694401623761
10883,Ursynów,18.0,1,3,2011,True,False,1.51,302935.0,16829.722222222223,302935.0,12.621276841059071
10884,Bemowo,59.7,4,11,1991,True,False,3.51,911696.0,15271.289782244556,911696.0,13.723062977011477
10885,Praga-Południe,55.0,2,0,1976,True,False,6.74,708672.0,12884.945454545454,708672.0,13.471149486146823
10886,Ochota,37.0,2,0,1988,True,False,6.34,583386.0,15767.18918918919,583386.0,13.276606052999847
10887,Wola,69.5,4,11,1982,True,True,4.51,1114249.0,16032.359712230216,1114249.0,13.923692090808803
10888,Wilanów,75.6,5,9,1972,True,True,5.27,1241809.0,16426.044973544977,1241809.0,14.032080550707049
10889,Targówek,19.6,1,4,2012,False,True,4.06,278465.0,14207.397959183672,278465.0,12.537051248311512
10890,Wilanów,38.2,1,1,1979,False,False,9.22,522248.0,13671.413612565444,522248.0,13.165899764625212
10891,Bemowo,38.1,2,5,1995,True,True,8.6,543796.0,14272.860892388451,543796.0,13.206331294431196
10892,Ursynów,34.3,2,6,1990,True,True,4.3,534970.0,15596.793002915454,534970.0,13.18996781880149
10893,Bielany,73.2,4,0,2024,True,False,5.09,1334436.0,18230.0,1334436.0,14.104020038019957
10894,Mokotów,50.7,3,5,1990,False,True,4.31,828018.0,16331.71597633136,828018.0,13.626791379964025
10895,Ursynów,49.2,2,7,1962,True,False,4.81,537667.0,10928.191056910568,537667.0,13.19499654828737
10896,Bemowo,18.0,1,11,1963,True,False,10.09,212613.0,11811.833333333334,212613.0,12.267233594085942
10897,Ursynów,69.0,4,4,2003,True,False,3.99,1070406.0,15513.130434782608,1070406.0,13.883549507946078
10898,Bemowo,27.7,1,11,2004,True,False,3.39,383198.0,13833.862815884477,383198.0,12.856309715472097
10899,Bemowo,56.3,4,6,1992,False,False,5.07,799659.0,14203.53463587922,799659.0,13.591941916311967
10900,Białołęka,61.1,3,9,1993,True,False,16.79,582726.0,9537.250409165303,582726.0,13.275474088079651
10901,Praga-Południe,84.9,4,5,1958,True,True,4.28,1204970.0,14192.815076560659,1204970.0,14.00196605822725
10902,Wilanów,26.2,2,3,1999,True,False,3.03,445810.0,17015.648854961833,445810.0,13.007650374371526
10903,Targówek,18.0,1,6,1998,True,True,7.89,225976.0,12554.222222222223,225976.0,12.328188503164009
10904,Białołęka,59.0,3,9,1970,False,True,8.45,640870.0,10862.203389830509,640870.0,13.37058346759978
10905,Bielany,94.6,5,8,1965,False,False,5.74,1256427.0,13281.46934460888,1256427.0,14.043783332294513
10906,Białołęka,82.3,4,9,1967,True,True,3.27,898950.0,10922.843256379101,898950.0,13.708983806962744
10907,Śródmieście,59.6,4,9,1964,True,True,9.25,61776.32465071987,1036.5155142738233,199597.62,11.031291661079095
10908,Śródmieście,44.2,3,6,2004,True,True,2.08,988482.0,22363.846153846152,988482.0,13.80392672367052
10909,Targówek,72.8,4,11,1974,True,True,0.53,1078176.0,14810.10989010989,1078176.0,13.890782209922799
10910,Ursynów,33.6,1,4,1979,True,True,4.55,461435.0,13733.184523809523,461435.0,13.042098645085145
10911,Praga-Południe,65.5,3,6,1972,True,True,15.89,744848.0,11371.725190839694,744848.0,13.520936792254647
10912,Targówek,66.1,2,2,2023,True,False,5.83,1014855.0,15353.328290468988,1014855.0,13.830257288472069
10913,Bemowo,78.3,4,1,2017,True,False,4.15,1002060.0,12797.701149425287,1002060.0,13.817569437017456
10914,Wola,115.7,6,10,1977,True,True,6.98,1818473.0,15717.139152981848,1818473.0,14.413508245809032
10915,Praga-Południe,63.6,4,4,1985,False,False,6.97,687617.0,10811.588050314465,687617.0,13.440988730158665
10916,Wilanów,43.8,2,3,1976,True,True,10.77,718463.0,16403.26484018265,718463.0,13.484870878861816
10917,Praga-Południe,54.4,3,4,1997,True,True,2.88,736133.0,13531.85661764706,736133.0,13.509167446356544
10918,Bemowo,18.0,1,7,1953,True,True,7.13,194007.0,10778.166666666666,199597.62,12.17565467430864
10919,Bemowo,39.7,2,11,2008,True,False,5.07,655631.0,16514.63476070529,655631.0,13.393354934910782
10920,Mokotów,46.0,3,3,1999,True,True,5.49,921174.0,20025.521739130436,921174.0,13.73340530804543
10921,Targówek,43.5,2,8,2020,True,False,4.94,559957.0,12872.574712643678,559957.0,13.235617059898692
10922,Bemowo,58.4,3,6,1971,False,False,4.89,844076.0,14453.356164383562,844076.0,13.645999001644176
10923,Śródmieście,36.9,3,9,2015,True,False,1.53,729046.0,19757.344173441736,729046.0,13.499493480791859
10924,Bielany,79.7,4,11,2014,True,False,3.85,1252004.0,15708.958594730238,1252004.0,14.04025682424443
10925,Wola,55.0,3,6,1967,True,False,4.97,663637.0,12066.127272727274,663637.0,13.405492099070633
10926,Wilanów,54.8,4,7,1991,True,True,6.56,1023426.0,18675.65693430657,1023426.0,13.838667357651195
10927,Targówek,47.8,3,11,1972,True,True,5.52,569129.0,11906.464435146445,569129.0,13.251864158014701
10928,Ochota,58.4,3,5,1980,True,False,5.37,739766.0,12667.22602739726,739766.0,13.514090550735139
10929,Śródmieście,73.2,4,7,1980,True,False,7.52,1254694.0,17140.628415300547,1254694.0,14.042403073123513
10930,Ursynów,35.9,2,2,2001,True,True,11.98,474571.0,13219.24791086351,474571.0,13.070168624193258
10931,Bemowo,40.5,2,9,1992,True,True,4.53,608422.0,15022.765432098766,608422.0,13.318625642728984
10932,Ochota,48.3,3,9,2022,True,False,2.85,934519.0,19348.219461697725,934519.0,13.747788307467893
10933,Bemowo,25.4,1,0,1967,True,True,9.18,383338.0,15092.047244094489,383338.0,12.856674994170756
10934,Praga-Południe,37.0,2,5,2023,True,True,7.08,564229.0,15249.432432432432,564229.0,13.243217248770236
10935,Śródmieście,44.5,3,0,1977,True,False,4.3,864316.0,19422.83146067416,864316.0,13.669694878643673
10936,Praga-Południe,74.2,4,8,2013,False,False,0.72,1210093.0,16308.530997304582,1210093.0,14.00620860050594
10937,Mokotów,60.8,4,1,1986,True,False,9.35,868960.0,14292.105263157895,868960.0,13.675053524068968
10938,Praga-Południe,59.3,3,10,1969,False,False,2.78,606599.0,10229.325463743677,606599.0,13.315624874236617
10939,Mokotów,73.7,4,1,2018,True,False,4.56,1597098.0,21670.257801899592,1597098.0,14.283699416509336
10940,Mokotów,52.0,3,6,1984,False,True,4.2,849816.0,16342.615384615385,849816.0,13.652776311169747
10941,Ochota,63.6,3,1,2007,True,True,9.63,1050067.0,16510.48742138365,1050067.0,13.864365481941507
10942,Bemowo,52.7,3,9,2002,True,False,6.27,613605.0,11643.35863377609,613605.0,13.327108307344611
10943,Ursynów,60.8,3,7,1996,True,False,2.19,886344.0,14578.026315789475,886344.0,13.694861544313591
10944,Wilanów,42.2,2,5,1997,True,True,18.98,743065.0,17608.175355450236,743065.0,13.51854014882616
10945,Praga-Południe,18.0,1,6,2011,True,False,7.34,257263.0,14292.388888888889,257263.0,12.457858073984193
10946,Wilanów,52.0,3,6,1963,True,False,3.24,797035.0,15327.596153846154,797035.0,13.588655126137441
10947,Śródmieście,86.3,4,5,2008,True,True,11.44,1991941.0,23081.587485515643,1991941.0,14.504620600236924
10948,Mokotów,75.4,5,9,2020,False,True,5.21,1263768.0,16760.848806366048,1263768.0,14.049609083822988
10949,Bemowo,76.2,5,10,1959,True,True,4.74,908558.0,11923.333333333332,908558.0,13.719615106922147
10950,Wola,82.2,4,8,1969,False,False,4.94,1388113.0,16887.019464720193,1388113.0,14.143456549241034
10951,Targówek,57.0,2,8,2010,True,False,5.18,777151.0,13634.228070175439,777151.0,13.56339123441349
10952,Ochota,59.3,3,6,1993,True,True,5.07,968335.0,16329.426644182126,968335.0,13.78333441346888
10953,Ursynów,41.4,2,8,1991,True,False,4.78,669477.0,16170.942028985508,669477.0,13.414253583229911
10954,Białołęka,48.0,3,9,1968,True,False,3.62,623644.0,12992.583333333334,623644.0,13.343336575204312
10955,Ochota,68.5,4,2,1998,True,False,3.06,966403.0,14108.07299270073,966403.0,13.78133724522697
10956,Wola,81.5,4,2,1967,False,False,5.79,1123771.0,13788.601226993866,1123771.0,13.932201441884454
10957,Targówek,51.9,3,0,1996,True,True,3.11,883830.0,17029.47976878613,883830.0,13.69202114687264
10958,Wola,45.1,2,4,2013,True,False,6.41,724333.0,16060.59866962306,724333.0,13.493007890956596
10959,Praga-Południe,55.0,3,3,1980,False,True,11.1,593192.0,10785.309090909092,593192.0,13.293275088771704
10960,Mokotów,68.2,3,1,1996,True,False,5.16,1152098.0,16892.93255131965,1152098.0,13.957096054045557
10961,Ursynów,23.2,2,8,2024,False,True,5.96,414507.0,17866.68103448276,414507.0,12.93484755373312
10962,Bielany,18.0,1,2,2009,False,False,9.65,195895.0,10883.055555555555,199597.62,12.185339185143262
10963,Mokotów,42.9,3,7,2017,True,False,4.5,600907.0,14007.156177156177,600907.0,13.306197123596686
10964,Bielany,28.1,1,5,1992,True,True,3.48,435574.0,15500.85409252669,435574.0,12.984422276291106
10965,Wilanów,43.8,3,4,2013,True,True,0.54,1041287.0,23773.67579908676,1041287.0,13.855968966395118
10966,Targówek,51.7,3,0,1956,False,False,5.62,489509.0,9468.25918762089,489509.0,13.101160169753225
10967,Bemowo,45.0,3,3,1967,True,False,3.51,515798.0,11462.177777777777,515798.0,13.153472433691558
10968,Białołęka,87.0,5,2,1975,True,True,4.29,1048703.0,12054.057471264368,1048703.0,13.863065674061431
10969,Śródmieście,62.2,3,0,1991,False,False,0.86,1418440.0,22804.50160771704,1418440.0,14.165068939133732
10970,Mokotów,61.6,4,11,2017,True,True,4.28,1185939.0,19252.256493506495,1185939.0,13.986046267040855
10971,Ursynów,68.7,4,4,1987,False,True,2.26,1097203.0,15970.931586608442,1097203.0,13.908275683682396
10972,Wola,29.9,2,5,2007,True,True,1.94,524487.0,17541.371237458196,524487.0,13.170177827624446
10973,Ursynów,77.9,5,1,2010,True,True,2.5,1239126.0,15906.623876765083,1239126.0,14.029917657376062
10974,Targówek,53.3,2,2,2003,False,False,2.28,775208.0,14544.240150093809,775208.0,13.56088794939842
10975,Wilanów,69.8,4,10,1988,True,False,8.69,1283775.0,18392.191977077364,1283775.0,14.06531629318437
10976,Bielany,31.4,1,5,2002,True,True,9.97,489241.0,15580.923566878982,489241.0,13.100612533566126
10977,Wola,20.8,1,3,1987,True,False,5.69,254549.0,12237.932692307691,254549.0,12.447252559330481
10978,Śródmieście,73.0,4,8,1962,True,True,13.73,1126386.0,15429.945205479453,1126386.0,13.934525723126134
10979,Śródmieście,63.3,3,4,2024,True,False,4.13,1513099.0,23903.61769352291,1513099.0,14.229671084439662
10980,Mokotów,35.2,2,3,1967,False,True,0.5,570395.0,16204.403409090908,570395.0,13.254086135434914
10981,Targówek,35.9,3,1,1961,True,False,2.76,299246.0,8335.543175487466,299246.0,12.609024598307311
10982,Bemowo,79.8,5,5,2019,True,False,4.98,1076453.0,13489.38596491228,1076453.0,13.889182863800634
10983,Targówek,28.8,2,9,1983,True,True,2.54,358627.0,12452.326388888889,358627.0,12.790040918532748
10984,Wilanów,91.1,5,1,2007,True,False,5.33,1669694.0,18328.14489571899,1669694.0,14.328151532982645
10985,Bielany,35.2,2,11,1986,False,True,7.65,358797.0,10193.09659090909,358797.0,12.790514835015234
10986,Ursynów,69.0,5,6,1990,False,True,2.5,1117185.0,16191.08695652174,1117185.0,13.92632358164632
10987,Śródmieście,47.8,3,2,1980,True,True,12.12,862059.0,18034.70711297071,862059.0,13.66708015279192
10988,Ursynów,68.3,4,8,1987,True,True,16.47,737815.0,10802.562225475842,737815.0,13.511449750003365
10989,Ursynów,43.0,3,10,1992,True,True,14.7,576904.0,13416.372093023256,576904.0,13.26543288722077
10990,Ursynów,51.4,2,4,2010,True,True,1.13,811799.0,15793.75486381323,811799.0,13.607009283386935
10991,Śródmieście,55.9,4,7,1998,True,True,3.64,1275996.0,22826.404293381038,1275996.0,14.05923839178693
10992,Wilanów,33.0,1,10,2022,True,True,6.16,5053195.240775462,153127.12850834735,2101934.039999999,15.435531520008245
10993,Ochota,71.3,5,5,1957,False,False,1.74,726390.0,10187.798036465638,726390.0,13.495843716324623
10994,Praga-Południe,43.7,2,11,1998,True,False,1.88,582754.0,13335.33180778032,582754.0,13.275522136869775
10995,Bielany,50.0,3,9,2003,False,True,1.05,734051.0,14681.02,734051.0,13.506335149773935
10996,Ochota,33.1,1,7,2021,True,True,5.3,631578.0,19080.906344410876,631578.0,13.355978311919165
10997,Bielany,18.0,1,10,1958,True,True,6.43,217807.0,12100.388888888889,217807.0,12.291369219752255
10998,Wola,50.8,2,11,2002,False,False,9.69,902179.0,17759.42913385827,902179.0,13.712569335677022
10999,Targówek,108.1,6,2,2017,True,False,7.08,1437827.0,13300.897317298799,1437827.0,14.178644199538978
11000,Targówek,72.3,4,2,1978,False,False,7.82,420311.0,5813.430152143846,420311.0,12.94875257162061
11001,Białołęka,54.6,4,4,2019,True,True,1.31,696239.0,12751.630036630037,696239.0,13.453449707463395
11002,Targówek,49.2,3,10,1953,True,True,6.01,452823.0,9203.71951219512,452823.0,13.023258808000042
11003,Śródmieście,55.5,3,9,2011,False,True,4.88,1539164.0,27732.684684684686,1539164.0,14.246750619549804
11004,Bemowo,67.0,3,2,2021,True,False,3.21,1070118.0,15971.910447761195,1070118.0,13.883280415207436
11005,Mokotów,29.0,1,7,2007,False,False,3.98,546970.0,18861.03448275862,546970.0,13.212151063545315
11006,Białołęka,79.5,5,9,1993,False,True,6.46,1103089.0,13875.333333333334,1103089.0,13.913625890555128
11007,Mokotów,70.7,4,11,1957,True,False,8.12,795041.0,11245.275813295615,795041.0,13.586150222429684
11008,Bielany,70.8,5,7,2021,True,True,15.23,802318.0,11332.175141242938,802318.0,13.59526156337583
11009,Mokotów,64.6,3,1,1996,True,True,6.69,1208981.0,18714.876160990712,1208981.0,14.005289241148628
11010,Mokotów,55.4,3,11,1955,True,False,8.64,529018.0,9549.061371841155,529018.0,13.17877962701964
11011,Białołęka,69.8,4,3,2009,False,False,8.46,932804.0,13363.954154727795,932804.0,13.74595145476983
11012,Wola,68.0,4,9,1996,True,True,10.04,1077771.0,15849.573529411764,1077771.0,13.89040650529828
11013,Ursynów,47.2,3,0,1967,True,True,2.25,720792.0,15271.016949152541,720792.0,13.488107273797366
11014,Targówek,42.4,2,3,1976,True,False,5.4,513069.0,12100.683962264151,513069.0,13.148167567085862
11015,Targówek,57.2,3,11,1960,True,False,2.61,670939.0,11729.702797202797,670939.0,13.416434993177779
11016,Śródmieście,89.1,5,10,2002,False,False,2.74,1872169.0,21011.99775533109,1872169.0,14.44260874386233
11017,Białołęka,27.7,2,3,2005,True,True,6.82,389743.0,14070.14440433213,389743.0,12.873245392317884
11018,Śródmieście,22.7,1,9,1998,False,True,6.89,471472.0,20769.69162995595,471472.0,13.0636171153651
11019,Bemowo,58.6,4,8,2016,True,False,6.65,748647.0,12775.546075085324,748647.0,13.526024192086973
11020,Bemowo,56.1,4,2,2018,True,False,3.45,851203.0,15172.95900178253,851203.0,13.654407096806596
11021,Śródmieście,58.8,3,1,2005,True,True,5.5,1540656.0,26201.632653061224,1540656.0,14.247719506788558
11022,Białołęka,60.4,4,8,1952,True,False,4.27,635534.0,10522.086092715232,635534.0,13.362222442839384
11023,Śródmieście,50.1,2,8,2009,False,False,6.64,1097950.0,21915.169660678643,1097950.0,13.90895627346201
11024,Targówek,87.8,4,0,1992,True,True,9.86,978246.0,11141.753986332575,978246.0,13.793517473367215
11025,Ochota,19.8,1,5,2002,False,True,2.51,305768.0,15442.828282828283,305768.0,12.630585193891767
11026,Praga-Południe,36.8,2,9,2006,True,False,5.12,441148.0,11987.717391304348,441148.0,12.997137965845006
11027,Mokotów,52.7,3,7,1987,True,False,8.64,697694.0,13238.97533206831,697694.0,13.455537323497751
11028,Praga-Południe,18.8,1,2,2021,True,False,1.42,248221.0,13203.244680851063,248221.0,12.422078786019515
11029,Białołęka,51.1,3,10,1968,True,False,9.13,536155.0,10492.270058708415,536155.0,13.192180442483744
11030,Wilanów,91.6,6,8,2008,True,True,0.81,1915220.0,20908.515283842797,1915220.0,14.465343578638013
11032,Bemowo,60.1,3,5,2021,False,False,4.96,863241.0,14363.41098169717,863241.0,13.668450347905504
11033,Bielany,27.3,2,0,1966,True,True,4.19,260218.0,9531.794871794871,260218.0,12.469278863147924
11034,Mokotów,41.4,2,6,1964,True,False,3.85,634832.0,15334.106280193237,634832.0,13.361117251160351
11035,Ursynów,46.7,3,2,1986,True,False,14.46,411888.0,8819.871520342613,411888.0,12.928509174556527
11036,Wilanów,48.0,2,6,1989,True,False,2.02,873615.0,18200.3125,873615.0,13.680396198823376
11037,Białołęka,83.2,4,3,1976,False,True,6.99,841678.0,10116.322115384615,841678.0,13.643153985381472
11038,Mokotów,67.3,4,8,2003,True,False,14.8,1010002.0,15007.459138187221,1010002.0,13.82546385911006
11039,Praga-Południe,30.5,2,4,1994,True,False,8.8,309232.0,10138.754098360656,309232.0,12.641850317037996
11040,Bemowo,60.4,4,2,1955,True,False,6.49,736994.0,12201.887417218544,736994.0,13.510336386887944
11041,Wola,66.0,4,7,1985,True,False,5.99,998750.0,15132.575757575758,998750.0,13.814260777313685
11042,Ochota,80.1,4,5,2015,True,True,3.82,1437336.0,17944.26966292135,1437336.0,14.178302653920015
11043,Ursynów,89.8,5,1,2009,True,True,3.63,1314889.0,14642.416481069044,1314889.0,14.089263569905016
11044,Wilanów,32.7,2,2,2011,True,True,1.72,789026.0,24129.235474006113,789026.0,13.578555819774822
11045,Ochota,37.2,2,7,2009,True,True,9.5,557642.0,14990.37634408602,557642.0,13.231474251667487
11046,Mokotów,27.3,1,9,1984,False,False,1.86,447103.0,16377.399267399267,447103.0,13.01054650872645
11047,Bemowo,49.9,3,6,1964,True,False,4.88,522613.0,10473.206412825652,522613.0,13.166598420841094
11048,Bemowo,65.3,3,9,1981,False,False,4.11,1188341.0,18198.177641653907,1188341.0,13.98806961626346
11049,Praga-Południe,76.7,3,5,2016,True,False,5.8,1110652.0,14480.469361147327,1110652.0,13.920458688603086
11050,Targówek,53.3,3,0,2024,False,True,7.6,717776.0,13466.71669793621,717776.0,13.483914214830646
11051,Praga-Południe,324.3583772460973,2,8,1997,True,False,3.74,693470.0,2137.974686788651,693470.0,13.44946470099173
11052,Targówek,58.3,3,2,1951,True,True,2.23,739159.0,12678.542024013723,739159.0,13.513269685291363
11053,Targówek,36.6,2,4,1969,True,True,3.11,482705.0,13188.661202185793,482705.0,13.087163051652126
11054,Ursynów,101.0,6,6,1985,True,False,2.58,1413566.0,13995.70297029703,1413566.0,14.161626855063181
11055,Praga-Południe,19.6,1,6,2002,True,False,15.03,236259.0,12054.030612244896,236259.0,12.37268817250251
11056,Wola,59.1,3,2,1961,True,False,11.14,706160.0,11948.561759729273,706160.0,13.467598535802775
11057,Wilanów,99.5,6,3,2022,True,True,1.67,2232721.0,22439.40703517588,2101934.039999999,14.618732026878538
11058,Śródmieście,55.1,3,9,1988,True,False,4.14,1042047.0,18911.923774954626,1042047.0,13.856698565493595
11059,Śródmieście,50.8,3,6,2020,True,True,2.49,1193211.0,23488.405511811026,1193211.0,13.992159388561767
11060,Praga-Południe,47.1,2,7,2014,False,True,3.16,754749.0,16024.394904458599,754749.0,13.534141847569085
11061,Praga-Południe,51.0,2,1,2012,True,False,3.47,788790.0,15466.470588235294,788790.0,13.578256672469163
11062,Ochota,85.2,4,8,2004,True,False,2.71,1578823.0,18530.786384976524,1578823.0,14.272190824074087
11063,Wilanów,18.0,1,6,2005,True,False,8.98,310402.0,17244.555555555555,310402.0,12.64562673219295
11064,Wilanów,88.7,5,7,2006,True,False,6.36,1571295.0,17714.712514092447,1571295.0,14.267411314512156
11065,Ursynów,23.7,2,5,2005,True,False,6.04,305953.0,12909.409282700422,305953.0,12.631190042836927
11066,Praga-Południe,49.1,2,5,2001,False,False,11.89,559159.0,11388.16700610998,559159.0,13.234190936585065
11067,Wilanów,45.6,2,8,2024,True,False,8.6,878588.0,19267.280701754386,878588.0,13.68607249052739
11068,Ochota,67.9,4,3,2011,True,False,5.19,4717718.632116114,69480.39222556868,2101934.039999999,15.366836112028462
11069,Targówek,19.8,1,10,2013,True,False,6.13,303355.0,15320.959595959595,303355.0,12.622662312307854
11070,Bemowo,65.2,4,10,2018,True,False,9.48,859343.0,13180.10736196319,859343.0,13.663924586459164
11071,Bemowo,99.5,6,4,1976,False,True,9.1,154312.28165880532,1550.8772026010586,199597.62,11.946740111502363
11072,Targówek,25.0,1,8,1962,False,False,0.67,300008.0,12000.32,300008.0,12.611567753188346
11073,Białołęka,59.2,2,0,1996,True,False,6.82,716160.0,12097.297297297297,716160.0,13.481660281000682
11074,Ochota,40.4,2,3,1998,True,True,5.49,759367.0,18796.21287128713,759367.0,13.540241787361568
11075,Wilanów,64.4,4,6,2016,True,False,7.86,1242679.0,19296.257763975154,1242679.0,14.032780895675682
11076,Ochota,55.4,2,10,1994,True,True,1.12,959611.0,17321.49819494585,959611.0,13.774284315079992
11077,Targówek,40.9,1,8,2002,True,False,10.0,307683.0,7522.811735941321,307683.0,12.636828561258122
11078,Wola,65.7,4,10,1999,True,False,8.15,1119880.0,17045.357686453575,1119880.0,13.928732987626347
11079,Bielany,94.7,5,11,1956,True,True,3.98,1014248.0,10710.116156282998,1014248.0,13.829658995117999
11080,Mokotów,50.8,2,9,2005,True,True,13.74,893304.0,17584.72440944882,893304.0,13.702683346898043
11081,Targówek,70.8,3,5,2016,True,False,2.21,1097487.0,15501.228813559323,1097487.0,13.908534489930913
11082,Wilanów,26.5,1,11,1971,False,True,5.89,411484.0,15527.698113207547,411484.0,12.92752784643001
11083,Praga-Południe,34.0,2,7,2003,True,True,3.43,561726.0,16521.352941176472,561726.0,13.238771245729172
11084,Praga-Południe,65.4,3,8,2003,False,True,2.92,999903.0,15289.036697247706,999903.0,13.815414553355978
11085,Ursynów,87.7,5,9,1971,True,False,4.85,1184125.0,13501.995438996579,1184125.0,13.984515507682916
11086,Targówek,62.8,2,3,1967,True,False,1.21,584307.0,9304.251592356688,584307.0,13.278183520045582
11087,Ursynów,48.1,2,0,2024,False,False,8.15,724189.0,15055.904365904365,724189.0,13.492809067878104
11088,Targówek,55.0,2,7,1990,False,False,20.16,393695.0,7158.090909090909,393695.0,12.883334316859896
11089,Ochota,27.5,1,1,1977,True,False,2.15,359314.0,13065.963636363636,359314.0,12.791954720073221
11090,Mokotów,68.3,4,10,1972,True,False,11.78,875618.0,12820.175695461201,875618.0,13.682686343801537
11091,Ochota,74.4,5,0,2008,False,True,9.65,1315145.0,17676.68010752688,1315145.0,14.089458244046973
11092,Bielany,45.1,2,6,2004,True,False,1.51,713388.0,15817.915742793792,713388.0,13.477782132668343
11093,Bemowo,44.7,3,11,2006,True,False,2.04,712115.0,15930.984340044743,712115.0,13.475996098472185
11094,Śródmieście,60.8,4,9,1963,False,False,5.81,1066422.0,17539.83552631579,1066422.0,13.879820615506025
11095,Targówek,45.4,3,8,2019,True,True,7.85,609097.0,13416.233480176212,609097.0,13.319734453286104
11096,Bielany,53.5,3,10,1990,True,True,10.16,592157.0,11068.355140186915,592157.0,13.29152877014873
11097,Bemowo,101.2,6,11,1984,True,True,4.97,1174489.0,11605.622529644268,1174489.0,13.97634456878347
11098,Wilanów,49.6,2,11,1995,True,True,5.35,950801.0,19169.375,950801.0,13.76506111795776
11099,Białołęka,47.1,1,8,1990,True,False,1.68,672297.0,14273.821656050955,672297.0,13.41845697359029
11100,Mokotów,40.8,3,2,2018,True,True,11.84,784004.0,19215.784313725493,784004.0,13.572170676863228
11101,Ursynów,71.4,4,5,2021,True,False,9.77,989931.0,13864.579831932771,989931.0,13.805391532883036
11102,Ursynów,51.0,3,6,1984,True,True,7.13,841437.0,16498.764705882353,841437.0,13.642867611942613
11103,Ochota,40.7,2,9,2018,True,True,5.1,870660.0,21392.13759213759,870660.0,13.677007972266505
11104,Praga-Południe,84.1,5,8,2014,True,False,11.76,1148392.0,13655.077288941737,1148392.0,13.953874131773338
11105,Bemowo,86.2,6,1,2021,False,True,2.12,1637538.0,18996.960556844548,1637538.0,14.308705063001822
11106,Białołęka,41.8,3,7,1979,True,False,6.11,526653.0,12599.354066985647,526653.0,13.174299065412907
11107,Bielany,18.0,1,6,2002,False,True,15.29,214988.0,11943.777777777777,214988.0,12.278342143010242
11108,Mokotów,77.2,4,3,1981,True,True,2.09,1294632.0,16769.84455958549,1294632.0,14.073737815267666
11109,Bemowo,39.9,1,1,2016,False,False,17.54,365220.0,9153.383458646616,365220.0,12.808257928787958
11110,Białołęka,72.4,5,7,1950,True,False,9.35,612800.0,8464.088397790054,612800.0,13.325795529260972
11111,Śródmieście,18.0,1,10,2002,True,True,8.03,384175.0,21343.055555555555,384175.0,12.858856059900559
11112,Targówek,74.6,4,4,1986,False,True,11.58,821205.0,11008.109919571047,821205.0,13.61852927048113
11113,Ursynów,28.4,1,5,1985,False,False,10.26,339456.0,11952.676056338029,339456.0,12.735102561110926
11114,Bielany,71.1,3,10,2006,True,False,1.5,851805.0,11980.379746835444,851805.0,13.655114080353462
11115,Ursynów,55.3,4,6,2017,True,False,1.46,1007135.0,18212.206148282097,1007135.0,13.822621217199321
11116,Bielany,34.0,2,9,2004,True,True,3.53,589773.0,17346.264705882353,589773.0,13.287494691651728
11117,Ochota,46.0,3,0,2017,False,False,6.5,749467.0,16292.760869565218,749467.0,13.52711890048324
11118,Praga-Południe,70.1,4,7,1980,True,True,10.64,718726.0,10252.867332382311,718726.0,13.485236870581687
11119,Bielany,57.3,2,3,1999,True,True,4.41,915796.0,15982.478184991274,915796.0,13.72755000337535
11120,Ursynów,67.9,4,8,1994,True,False,2.94,1022617.0,15060.63328424153,1022617.0,13.837876563663613
11121,Ochota,98.5,5,0,1952,True,True,8.99,1291486.0,13111.532994923858,1291486.0,14.071304825652428
11122,Bielany,20.6,1,10,2001,False,True,4.28,353663.0,17168.106796116503,353663.0,12.776102588843033
11123,Śródmieście,90.6,5,1,2007,True,True,6.77,2028852.0,22393.509933774836,2028852.0,14.522981166700857
11124,Praga-Południe,57.3,2,5,2003,True,True,5.3,855887.0,14936.94589877836,855887.0,13.659894805441938
11125,Bielany,35.2,2,10,2011,True,False,3.06,496416.0,14102.727272727272,496416.0,13.115171578301531
11126,Ochota,25.7,3,9,2002,True,False,3.17,455475.0,17722.762645914398,455475.0,13.029098304941657
11127,Wilanów,50.8,3,10,1960,True,True,2.09,897963.0,17676.437007874018,897963.0,13.707885257393889
11128,Bemowo,75.3,4,0,1966,True,False,10.94,841700.0,11177.954847277557,841700.0,13.64318012327072
11129,Wola,52.2,3,3,2003,False,False,3.92,761047.0,14579.444444444443,761047.0,13.542451709756131
11130,Białołęka,88.2,5,7,1981,True,False,2.98,968197.0,10977.290249433107,968197.0,13.78319189079669
11131,Wola,23.1,1,9,1962,True,True,1.11,297203.0,12865.930735930735,297203.0,12.602174050685372
11132,Wilanów,54.7,2,4,1993,True,False,0.92,957071.0,17496.727605118827,957071.0,13.77163390271479
11133,Wola,27.4,2,8,2001,True,False,2.2,503421.0,18373.029197080294,503421.0,13.12918406354923
11134,Wilanów,63.0,4,10,1986,False,True,6.7,1096409.0,17403.31746031746,1096409.0,13.907551764128021
11135,Mokotów,74.5,4,10,2010,True,True,5.44,1454583.0,19524.604026845638,1454583.0,14.190230507054565
11136,Wilanów,45.7,3,5,2006,True,True,4.21,1024463.0,22417.13347921225,1024463.0,13.839680106951459
11137,Wilanów,18.0,1,0,1986,True,False,2.22,324398.0,18022.11111111111,324398.0,12.689729518604587
11138,Wilanów,59.4,3,5,2012,True,True,1.01,1240843.0,20889.612794612796,1240843.0,14.031302351208648
11139,Śródmieście,64.6,4,5,2006,True,False,3.01,1366872.0,21159.0092879257,1366872.0,14.128036207220513
11140,Bemowo,63.9,3,5,2006,False,True,4.25,948748.0,14847.386541471049,948748.0,13.762899553672977
11141,Targówek,82.2,5,7,2001,True,False,8.27,973589.0,11844.148418491484,973589.0,13.78874554944412
11142,Bielany,31.4,2,5,1952,True,True,1.55,443234.0,14115.732484076434,443234.0,13.00185538241629
11143,Białołęka,70.0,4,4,2009,True,False,4.01,984973.0,14071.042857142857,984973.0,13.80037052386676
11144,Praga-Południe,81.2,5,10,1989,True,False,2.14,1048120.0,12907.881773399014,1048120.0,13.862509595213629
11145,Bemowo,18.0,1,1,2022,True,True,3.45,303877.0,16882.055555555555,303877.0,12.624381584050152
11146,Ursynów,62.0,2,3,2016,False,False,16.96,829511.0,13379.209677419354,829511.0,13.628592855054109
11147,Targówek,43.9,2,9,2003,True,True,2.56,724259.0,16497.927107061503,724259.0,13.492905722923227
11148,Mokotów,53.2,3,4,1979,True,False,2.2,718326.0,13502.368421052632,718326.0,13.484680176107672
11149,Mokotów,62.6,3,9,1975,True,False,23.63,650463.0,10390.782747603833,650463.0,13.385441233358689
11150,Wilanów,44.3,2,3,1986,False,True,7.63,738886.0,16679.142212189618,738886.0,13.512900278901572
11151,Bemowo,40.1,2,1,1996,True,True,7.28,615368.0,15345.835411471322,615368.0,13.329977366860623
11152,Ochota,55.8,3,6,1983,False,True,2.66,871977.0,15626.827956989247,871977.0,13.678519473215053
11153,Wola,31.1,1,9,1998,True,False,16.76,429080.0,13796.784565916398,429080.0,12.969400991276377
11154,Ursynów,31.1,2,9,1971,False,False,1.64,394683.0,12690.771704180064,394683.0,12.885840723712489
11155,Mokotów,69.9,4,1,2023,True,False,10.2,1132374.0,16199.914163090127,1132374.0,13.939827754971589
11156,Białołęka,29.7,1,0,1965,True,True,11.07,344397.0,11595.858585858587,344397.0,12.749553244317921
11157,Mokotów,69.7,4,4,2021,True,True,12.61,1327955.0,19052.43902439024,1327955.0,14.099151475939502
11158,Praga-Południe,65.2,4,11,2020,True,False,13.52,888698.0,13630.337423312883,888698.0,13.69751387448682
11159,Bielany,18.0,2,0,1999,True,True,4.38,300124.0,16673.555555555555,300124.0,12.611954333523554
11160,Mokotów,40.1,1,0,2011,True,False,6.4,649302.0,16192.069825436409,649302.0,13.383654758846292
11161,Praga-Południe,81.3,5,0,1993,True,True,5.45,1073779.0,13207.613776137761,1073779.0,13.886695691354797
11162,Bemowo,33.4,2,5,2005,True,True,2.36,603014.0,18054.31137724551,603014.0,13.30969735102182
11163,Bemowo,44.8,2,8,1986,False,False,4.19,598868.0,13367.589285714286,598868.0,13.302798155350013
11164,Targówek,65.2,4,9,1983,True,False,11.09,718818.0,11024.815950920245,718818.0,13.485364866485993
11165,Mokotów,72.2,4,10,2002,False,False,1.73,1230087.0,17037.216066481993,1230087.0,14.022596269504847
11166,Białołęka,49.5,3,11,1997,True,True,8.83,722399.0,14593.919191919193,722399.0,13.490334281084913
11167,Mokotów,41.9,3,0,2002,True,True,9.1,621316.0,14828.544152744631,621316.0,13.339596697660392
11168,Białołęka,86.3,5,4,1982,True,False,5.61,1035401.0,11997.694090382387,1035401.0,13.850300315068703
11169,Śródmieście,93.3,5,8,1988,True,False,9.42,1704684.0,18270.996784565916,1704684.0,14.348890900898096
11170,Wilanów,76.5,4,8,1962,False,False,2.42,983846.0,12860.73202614379,983846.0,13.799225676140031
11171,Targówek,56.9,2,0,1958,True,True,2.1,822830.0,14460.984182776801,822830.0,13.620506112278724
11172,Śródmieście,37.2,2,7,1979,False,False,3.88,533373.0,14337.98387096774,533373.0,13.186978145635017
11173,Mokotów,36.7,3,0,1961,False,False,6.55,489297.0,13332.34332425068,489297.0,13.100726989796962
11174,Targówek,66.5,3,7,1965,True,False,16.01,657349.0,9884.947368421053,657349.0,13.395971880124751
11175,Śródmieście,64.2,3,0,2015,False,False,5.6,1260632.0,19636.01246105919,1260632.0,14.04712453372898
11176,Wola,85.8,5,11,1956,True,True,3.91,1277376.0,14887.832167832168,1277376.0,14.060319314624214
11177,Mokotów,69.3,3,4,2007,False,False,10.83,1037463.0,14970.606060606062,1037463.0,13.852289831689793
11178,Śródmieście,21.9,1,7,1981,True,False,1.84,473627.0,21626.80365296804,473627.0,13.06817748242594
11179,Wola,78.1,4,5,2018,True,False,1.55,1880639.0,24079.884763124202,1880639.0,14.447122702406423
11180,Wola,33.0,1,8,1997,False,False,16.19,434774.0,13174.969696969696,434774.0,12.982583934876043
11181,Bemowo,46.6,2,0,1984,True,False,2.95,675939.0,14505.128755364807,675939.0,13.42385959368948
11182,Mokotów,60.5,4,8,1999,True,False,12.79,816693.0,13499.05785123967,816693.0,13.613019762680468
11183,Wola,98.9,5,0,1989,True,True,11.84,1516362.0,15332.275025278057,1516362.0,14.231825262432148
11184,Bemowo,123.4,6,9,2002,True,True,9.69,1696888.0,13751.118314424635,1696888.0,14.344307132530808
11185,Śródmieście,68.3,3,9,1966,True,True,10.8,1263748.0,18502.89897510981,1263748.0,14.049593258020758
11186,Praga-Południe,51.0,3,2,2024,False,True,10.56,603118.0,11825.843137254902,603118.0,13.309869802839376
11187,Mokotów,66.8,4,0,1993,True,True,0.74,1176076.0,17605.928143712576,1176076.0,13.977694881487713
11188,Targówek,74.5,4,2,1987,True,True,6.69,1101404.0,14783.946308724831,1101404.0,13.912097195476989
11189,Białołęka,47.9,3,11,2010,True,True,5.77,694773.0,14504.655532359082,694773.0,13.45134189180838
11190,Białołęka,94.5,4,10,1988,True,True,3.54,1443393.0,15274.0,1443393.0,14.182507842759792
11191,Śródmieście,60.1,4,1,2016,True,True,4.27,1507161.0,25077.5540765391,1507161.0,14.225738970172175
11192,Ochota,66.0,4,1,1995,False,True,4.95,1092475.0,16552.651515151516,1092475.0,13.903957237747196
11193,Ochota,69.7,4,8,2010,False,False,4.35,1068346.0,15327.77618364419,1068346.0,13.881623152098674
11194,Śródmieście,64.3,4,7,1965,True,False,11.62,991596.0,15421.39968895801,991596.0,13.807072053725122
11195,Wola,73.5,4,0,2017,True,True,4.37,1526720.0,20771.700680272108,1526720.0,14.238632856308616
11196,Mokotów,41.4,3,11,2011,False,False,23.09,494613.0,11947.173913043478,494613.0,13.11153293937043
11197,Białołęka,42.7,2,3,1976,False,False,3.24,549770.0,12875.175644028102,549770.0,13.217257106868884
11198,Białołęka,30.8,2,0,1969,True,True,3.93,364491.0,11834.123376623376,364491.0,12.806259882316192
11199,Wola,64.7,4,0,1985,True,False,4.67,882314.0,13637.001545595054,882314.0,13.690304414085741
11200,Białołęka,72.1,4,11,2023,False,False,2.92,859858.0,11925.908460471568,859858.0,13.664523701299476
11201,Targówek,65.1,4,11,1980,True,False,4.65,766245.0,11770.276497695853,766245.0,13.549258545990547
11202,Mokotów,91.8,5,3,1995,True,True,3.47,1834907.0,19988.093681917213,1834907.0,14.422504901974163
11203,Bielany,54.9,3,1,1955,True,False,8.87,526645.0,9592.80510018215,526645.0,13.174283875058782
11204,Białołęka,69.7,4,2,1991,True,True,3.84,1011876.0,14517.589670014346,1011876.0,13.827317579940805
11205,Śródmieście,31.0,1,10,2002,True,False,2.63,684529.0,22081.58064516129,684529.0,13.436487750361634
11206,Targówek,46.5,3,8,2022,True,False,4.16,724464.0,15579.870967741936,724464.0,13.493188730397204
11207,Białołęka,70.3,5,1,1999,True,False,5.2,856264.0,12180.142247510668,856264.0,13.660335186653304
11208,Wilanów,73.7,4,3,2016,True,False,4.48,1450833.0,19685.658073270013,1450833.0,14.187649121462297
11209,Targówek,48.5,3,0,2000,True,True,23.64,549675.0,11333.505154639175,549675.0,13.21708429271734
11210,Bemowo,53.4,2,1,1956,True,False,7.43,581965.0,10898.220973782772,581965.0,13.274167305763118
11211,Bielany,21.6,2,4,1984,False,False,2.02,267228.0,12371.666666666666,267228.0,12.495861247689486
11212,Ursynów,47.1,3,9,2002,False,True,8.2,565320.0,12002.547770700636,565320.0,13.245148990390167
11213,Śródmieście,74.6,4,0,2022,True,False,6.55,1735473.0,23263.713136729224,1735473.0,14.36679113289835
11214,Śródmieście,67.7,3,10,2018,True,True,7.61,1506820.0,22257.311669128507,1506820.0,14.225512691522656
11215,Mokotów,66.0,3,6,1977,False,True,8.17,940561.0,14250.924242424242,940561.0,13.75423284793215
11216,Targówek,56.1,3,3,1977,True,False,12.44,491305.0,8757.664884135473,491305.0,13.104822430579624
11217,Wola,55.2,2,5,1975,True,True,4.9,851110.0,15418.659420289854,851110.0,13.654297833832244
11218,Śródmieście,40.5,2,7,2021,False,False,5.24,1008125.0,24891.975308641977,1008125.0,13.823603719801602
11219,Targówek,70.4,4,5,2017,True,True,3.19,1146535.0,16286.008522727272,1146535.0,13.952255780699907
11220,Targówek,64.3,4,1,2013,False,True,6.26,840555.0,13072.39502332815,840555.0,13.64181885661906
11221,Wilanów,65.8,5,0,1990,False,False,2.95,1064703.0,16180.896656534955,1064703.0,13.878207384222474
11222,Praga-Południe,43.4,3,7,1998,True,True,2.46,557690.0,12850.0,557690.0,13.231560324538986
11223,Praga-Południe,18.0,1,7,1995,True,False,15.27,166836.0,9268.666666666666,199597.62,12.024772566849768
11224,Ursynów,79.1,4,8,1979,True,False,5.16,914903.0,11566.409608091024,914903.0,13.72657442072059
11225,Bemowo,44.5,2,5,1998,True,False,7.51,618630.0,13901.797752808989,618630.0,13.335264251136229
11226,Ursynów,36.0,1,11,1955,True,False,3.54,462829.0,12856.361111111111,462829.0,13.045115095018382
11227,Białołęka,70.3,3,0,1968,True,False,17.21,620340.0,8824.182076813657,620340.0,13.33802460582671
11228,Wola,46.4,2,8,2019,True,True,4.62,926532.0,19968.362068965518,926532.0,13.73920494199014
11229,Białołęka,78.3,3,11,2012,False,False,13.55,771317.0,9850.791826309069,771317.0,13.555856018872653
11230,Ochota,68.6,4,2,1992,True,True,7.5,957232.0,13953.819241982508,957232.0,13.771802109975786
11231,Białołęka,70.0,4,10,1999,True,False,5.7,755052.0,10786.457142857143,755052.0,13.534543224442846
11232,Mokotów,24.9,1,5,1989,True,False,6.75,351223.0,14105.341365461849,351223.0,12.769179475538063
11233,Białołęka,81.7,5,9,2012,True,False,5.12,1136601.0,13911.88494492044,1136601.0,13.943553667477605
11234,Ursynów,60.7,4,9,2014,True,False,4.89,1151599.0,18971.976935749586,1151599.0,13.956662837720158
11235,Śródmieście,46.9,3,10,2013,True,False,6.45,68521.12835372576,1461.0048689493765,199597.62,11.134912013743824
11236,Śródmieście,58.2,3,11,2011,True,False,1.06,1330497.0,22860.77319587629,1330497.0,14.101063866204463
11237,Praga-Południe,18.0,1,8,1975,False,False,3.54,214874.0,11937.444444444445,214874.0,12.27781174268515
11238,Wola,64.0,4,10,1986,False,True,8.87,923586.0,14431.03125,923586.0,13.736020281006121
11239,Wola,32.4,2,2,1996,True,True,9.34,540885.0,16693.98148148148,540885.0,13.200963814736607
11240,Mokotów,25.2,1,4,1986,True,False,20.39,283329.0,11243.214285714286,283329.0,12.554367575023303
11241,Ursynów,21.5,1,4,2012,True,False,10.21,288657.0,13425.906976744185,288657.0,12.572997875331072
11242,Praga-Południe,79.5,5,9,1986,True,True,9.74,977006.0,12289.383647798742,977006.0,13.792249095789426
11243,Wilanów,41.2,2,6,1968,True,True,6.89,681068.0,16530.776699029124,681068.0,13.431418901584868
11244,Ochota,88.7,6,3,1991,False,True,11.43,1402156.0,15807.846674182638,1402156.0,14.153522323188655
11245,Wola,43.2,2,10,2024,True,False,6.07,799281.0,18501.875,799281.0,13.591469103655797
11246,Śródmieście,18.0,1,3,1977,True,False,5.68,326978.0,18165.444444444445,326978.0,12.6976512276337
11247,Białołęka,30.4,1,6,2004,True,True,5.79,457998.0,15065.723684210527,457998.0,13.034622279687825
11248,Białołęka,82.2,5,8,1993,False,True,11.28,1057903.0,12869.86618004866,1057903.0,13.871800150043434
11249,Praga-Południe,51.6,2,10,1961,False,True,5.74,556920.0,10793.023255813952,556920.0,13.23017867761164
11250,Ursynów,42.9,2,3,1997,True,True,7.42,647868.0,15101.818181818182,647868.0,13.381443794403397
11251,Ursynów,58.5,3,3,2009,True,True,3.77,966169.0,16515.709401709402,966169.0,13.781095081148239
11252,Bemowo,66.0,4,5,1998,True,False,16.45,838463.0,12703.984848484848,838463.0,13.639326925513343
11253,Bielany,79.6,5,5,2018,True,False,4.42,1243742.0,15624.899497487439,1243742.0,14.033635939298398
11254,Wola,86.9,5,6,1982,True,True,5.59,1220658.0,14046.697353279631,1220658.0,14.014901434807841
11255,Ursynów,47.1,1,0,1963,False,True,9.69,585425.0,12429.40552016985,585425.0,13.280095066329492
11256,Śródmieście,25.8,2,10,2021,True,True,12.38,620996.0,24069.612403100775,620996.0,13.339081529986073
11257,Praga-Południe,45.9,3,2,1989,False,False,5.91,658820.0,14353.376906318083,658820.0,13.398207152916022
11258,Ochota,60.7,3,8,2002,True,True,8.86,930676.0,15332.388797364085,930676.0,13.743667557286514
11259,Bemowo,33.8,2,5,2014,False,True,3.01,507043.0,15001.272189349114,507043.0,13.13635306381758
11260,Targówek,33.9,2,5,1985,False,True,6.56,513992.0,15162.005899705015,513992.0,13.149964925667524
11261,Mokotów,62.6,3,4,2010,True,False,8.79,1203014.0,19217.476038338657,1203014.0,14.000341463707011
11262,Ochota,53.9,3,10,1968,True,False,13.42,662701.0,12295.009276437848,662701.0,13.404080696028608
11263,Targówek,55.7,3,2,1983,True,False,2.06,565925.0,10160.233393177738,565925.0,13.246218606588362
11264,Wilanów,38.3,2,10,1969,False,True,2.64,596103.0,15564.046997389036,596103.0,13.298170427469014
11265,Białołęka,49.9,2,4,2015,True,False,1.45,635191.0,12729.278557114229,635191.0,13.361682594377314
11266,Mokotów,34.7,1,0,1977,True,False,2.26,651886.0,18786.340057636888,651886.0,13.38762651300494
11267,Wola,74.6,4,2,2010,True,True,9.62,1111105.0,14894.16890080429,1111105.0,13.92086647361152
11268,Śródmieście,77.8,5,3,2022,True,True,6.51,2097925.0,26965.61696658098,2097925.0,14.556459795628998
11269,Mokotów,18.0,1,4,1999,True,False,2.51,317799.0,17655.5,317799.0,12.669177533084753
11270,Bielany,34.6,2,9,2000,True,True,11.46,412613.0,11925.231213872832,412613.0,12.930267810211841
11271,Targówek,22.1,1,8,1995,True,True,5.77,335558.0,15183.619909502262,335558.0,12.723553076862812
11272,Wola,40.7,2,3,1985,True,False,9.54,616427.0,15145.626535626534,616427.0,13.33169680644508
11273,Bielany,53.2,3,2,1996,False,False,6.65,586482.0,11024.0977443609,586482.0,13.281898961148332
11274,Białołęka,23.1,1,9,2004,False,True,6.34,300101.0,12991.38528138528,300101.0,12.611877695851437
11275,Bielany,34.7,1,0,2024,True,False,6.21,608044.0,17522.8818443804,608044.0,13.31800417136736
11276,Bemowo,32.9,1,9,2022,False,False,3.81,479122.0,14562.978723404256,479122.0,13.07971262839812
11277,Bemowo,59.6,4,5,2018,True,True,11.2,1039456.0,17440.53691275168,1039456.0,13.85420901938324
11278,Wilanów,56.5,4,6,2019,True,False,1.11,1108513.0,19619.699115044248,1108513.0,13.918530937638497
11279,Praga-Południe,39.1,2,9,1995,True,True,5.55,455691.0,11654.501278772377,455691.0,13.029572421688615
11280,Ochota,58.9,4,7,2007,True,True,3.16,1065343.0,18087.317487266555,1065343.0,13.878808309665713
11281,Ochota,43.0,2,11,2019,True,False,1.66,678689.0,15783.46511627907,678689.0,13.427919748532911
11282,Wola,49.0,3,0,1990,True,True,5.92,828273.0,16903.530612244896,828273.0,13.62709929650055
11283,Białołęka,91.8,5,11,2023,True,True,6.02,1370191.0,14925.82788671024,1370191.0,14.130461433970178
11284,Ursynów,84.5,5,3,1992,False,True,3.07,1195605.0,14149.171597633136,1195605.0,13.99416372778013
11285,Wilanów,26.4,1,10,2004,True,False,18.19,453783.0,17188.75,453783.0,13.025376592883477
11286,Bemowo,73.3,4,4,2010,True,False,11.15,979194.0,13358.717598908595,979194.0,13.794486084518011
11287,Wola,72.9,4,1,2022,False,True,7.49,1395810.0,19146.913580246914,1395810.0,14.148986166319348
11288,Ursynów,29.7,2,0,1979,False,False,8.76,401247.0,13510.0,401247.0,12.902334968990264
11289,Ochota,73.0,4,7,2012,True,True,4.68,1505575.0,20624.31506849315,1505575.0,14.22468610719736
11290,Praga-Południe,88.8,5,5,1999,True,False,5.71,1015571.0,11436.61036036036,1015571.0,13.83096255852319
11291,Bielany,30.3,1,4,1981,True,True,6.56,334273.0,11032.112211221121,334273.0,12.719716294929517
11292,Bemowo,34.8,1,8,2013,True,False,6.65,599915.0,17238.936781609198,599915.0,13.30454492439737
11293,Wola,77.4,4,10,2001,True,False,10.06,1241514.0,16040.232558139534,1241514.0,14.031842966016049
11294,Mokotów,61.0,4,10,2007,True,False,7.89,1042952.0,17097.573770491803,1042952.0,13.857566670647342
11295,Ursynów,67.1,4,1,1985,False,True,9.02,886180.0,13206.855439642326,886180.0,13.694676497662126
11296,Bielany,62.5,2,9,1996,True,False,4.53,849383.0,13590.128,849383.0,13.652266659857897
11297,Bemowo,63.6,3,11,2005,False,True,5.53,1024621.0,16110.393081761005,1024621.0,13.839834322050594
11298,Ochota,25.8,1,7,1991,False,False,5.66,310477.0,12033.992248062015,310477.0,12.645868324383288
11299,Białołęka,78.0,5,10,1975,False,True,3.96,975698.0,12508.948717948719,975698.0,13.79090941619032
11300,Ursynów,80.7,4,9,2023,True,True,1.19,1654236.0,20498.587360594796,1654236.0,14.318850433297259
11301,Ochota,50.0,3,8,1998,False,True,0.92,908161.0,18163.22,908161.0,13.719178055766445
11302,Bemowo,54.0,3,0,2011,True,True,2.27,903648.0,16734.222222222223,903648.0,13.714196289640032
11303,Ursynów,21.3,1,6,1992,True,False,2.57,319243.0,14987.934272300468,319243.0,12.673710979669623
11304,Wilanów,66.3,3,7,1988,True,False,3.26,1284993.0,19381.493212669684,1284993.0,14.066264607039855
11305,Bielany,67.6,4,2,1991,True,False,5.68,969926.0,14348.01775147929,969926.0,13.784976089915602
11306,Bemowo,53.6,3,3,1991,False,False,10.99,769658.0,14359.291044776119,769658.0,13.553702838596823
11307,Wilanów,79.7,4,2,2000,False,False,1.6,1229697.0,15429.071518193225,1229697.0,14.02227916874627
11308,Targówek,47.7,2,6,2000,True,True,4.18,751143.0,15747.232704402515,751143.0,13.529352656706553
11309,Wola,67.4,3,8,1997,True,True,7.91,1043964.0,15489.08011869436,1043964.0,13.858536521958534
11310,Bielany,32.6,1,2,1968,True,True,8.72,397739.0,12200.58282208589,397739.0,12.893553804463492
11311,Ursynów,54.5,3,5,1997,True,True,7.1,950987.0,17449.302752293577,950987.0,13.765256723151387
11312,Białołęka,51.2,3,7,1972,False,True,5.18,505244.0,9868.046875,505244.0,13.132798739125857
11313,Ochota,60.0,3,5,1967,True,True,7.75,1016174.0,16936.233333333334,1016174.0,13.831556136382742
11314,Mokotów,46.9,3,1,2021,False,True,1.8,1033241.0,22030.724946695096,1033241.0,13.84821198978412
11315,Ochota,52.1,3,6,2004,True,True,7.61,907104.0,17410.825335892514,907104.0,13.718013488659281
11316,Ursynów,73.2,4,1,2007,True,False,9.22,949748.0,12974.699453551912,949748.0,13.763953018140658
11317,Ochota,45.4,2,1,1991,True,True,7.81,692473.0,15252.709251101322,692473.0,13.448025971212441
11318,Wola,19.7,1,1,2020,True,False,4.77,343509.0,17437.005076142133,343509.0,12.746971502302307
11319,Bemowo,93.5,5,10,2006,True,False,4.79,1196540.0,12797.2192513369,1196540.0,13.994945452354427
11320,Wilanów,85.4,5,0,2013,False,False,2.1,1758800.0,20594.847775175644,1758800.0,14.38014288485811
11321,Mokotów,26.6,2,10,1989,False,True,5.08,429915.0,16162.21804511278,429915.0,12.971345119749467
11322,Śródmieście,70.2,4,0,2023,True,True,6.69,1686423.0,24023.119658119656,1686423.0,14.338120868726964
11323,Ursynów,43.9,1,6,2016,True,True,7.27,725057.0,16516.10478359909,725057.0,13.494006930636983
11324,Praga-Południe,60.8,3,11,2017,True,True,6.07,916212.0,15069.276315789475,916212.0,13.72800414937581
11325,Śródmieście,61.5,3,4,1972,True,True,0.5,1350745.0,21963.333333333332,1350745.0,14.11616759038414
11326,Ochota,49.8,3,10,1981,True,False,3.22,689265.0,13840.662650602411,689265.0,13.443382542254623
11327,Ursynów,37.8,2,2,1982,True,False,7.53,554969.0,14681.719576719577,554969.0,13.226669337213545
11328,Wilanów,39.8,3,0,1981,False,False,10.11,534585.0,13431.78391959799,534585.0,13.189247894540083
11329,Targówek,34.8,2,10,2018,True,True,3.67,545936.0,15687.816091954024,545936.0,13.21025886345434
11330,Wilanów,36.7,2,9,1955,False,True,13.91,389139.0,10603.242506811988,389139.0,12.871694455025366
11331,Praga-Południe,53.5,4,5,1961,True,False,4.78,680879.0,12726.710280373833,680879.0,13.431141358150843
11332,Mokotów,39.3,2,10,1981,False,True,5.07,711815.0,18112.34096692112,711815.0,13.475574730029818
11333,Wilanów,70.0,5,0,1975,True,False,2.73,1229869.0,17569.557142857142,1229869.0,14.022419030705997
11334,Białołęka,87.7,5,8,1978,True,False,3.79,1045854.0,11925.359179019384,1045854.0,13.860345290670944
11335,Targówek,42.2,2,1,2015,False,True,1.4,644222.0,15265.924170616112,644222.0,13.375800218439656
11336,Śródmieście,60.3,3,0,2001,True,True,4.4,76583.50948380723,1270.041616646886,199597.62,11.246150109218277
11337,Bemowo,66.0,3,11,1951,True,False,14.82,478738.0,7253.606060606061,478738.0,13.078910842711723
11338,Wola,65.4,4,6,1993,True,True,5.86,1182854.0,18086.452599388376,1182854.0,13.983441565710285
11339,Białołęka,56.7,4,5,1991,False,True,1.8,732334.0,12915.94356261023,732334.0,13.503993338526726
11340,Targówek,71.3,5,5,1966,False,True,5.09,669903.0,9395.553997194951,669903.0,13.414889697518985
11341,Bemowo,65.6,4,4,2008,True,True,6.85,873933.0,13322.149390243903,873933.0,13.68076013691214
11342,Bemowo,27.8,2,10,2009,True,False,4.99,437249.0,15728.381294964029,437249.0,12.988260392880848
11343,Ursynów,74.1,4,3,2010,False,False,2.01,1254617.0,16931.40350877193,1254617.0,14.042341701744155
11344,Targówek,74.5,4,10,2011,True,True,5.04,940205.0,12620.20134228188,940205.0,13.753854279172737
11345,Mokotów,38.2,3,3,1950,True,False,6.2,506667.0,13263.534031413612,506667.0,13.135611235729835
11346,Ochota,55.8,3,2,2022,True,False,8.81,937520.0,16801.433691756272,937520.0,13.750994436575827
11347,Praga-Południe,70.0,4,9,2015,True,False,10.02,863704.0,12338.628571428571,863704.0,13.668986554298744
11348,Praga-Południe,50.4,3,7,2020,True,False,7.46,804265.0,15957.638888888889,804265.0,13.597685339214854
11349,Śródmieście,78.6,5,6,1952,True,True,8.84,1262586.0,16063.435114503818,1262586.0,14.048673348648494
11350,Śródmieście,107.0,6,8,2021,True,True,2.86,2467220.0,23058.130841121496,2101934.039999999,14.718602973988075
11351,Praga-Południe,37.7,3,0,2015,True,False,8.06,504339.0,13377.692307692307,504339.0,13.13100592278567
11352,Wilanów,24.6,2,6,2017,True,False,9.77,489702.0,19906.585365853658,489702.0,13.101554363871358
11353,Mokotów,61.7,4,9,1963,True,False,2.0,893615.0,14483.225283630469,893615.0,13.703031431679788
11354,Wilanów,70.9,4,3,2011,False,False,8.57,8568834.74013604,120858.03582702453,2101934.039999999,15.96364242838549
11355,Wilanów,49.9,3,6,2023,True,False,10.76,944337.0,18924.589178356713,944337.0,13.758239431890187
11356,Wola,87.0,5,11,2008,True,True,7.98,1557936.0,17907.310344827587,1557936.0,14.258873068138259
11357,Bielany,25.6,1,0,2002,False,True,3.89,383473.0,14979.4140625,383473.0,12.857027100880984
11358,Ochota,70.2,4,4,2022,True,True,8.85,1278998.0,18219.344729344728,1278998.0,14.061588298699846
11359,Wola,41.7,2,2,1994,True,False,7.86,592755.0,14214.748201438848,592755.0,13.292538126187683
11360,Ursynów,92.8,5,4,2004,True,False,4.3,1346175.0,14506.196120689656,1346175.0,14.112778538439645
11361,Bielany,98.8,5,3,1996,False,False,21.19,1076285.0,10893.572874493928,1076285.0,13.889026783642008
11362,Bielany,38.1,2,1,2021,False,False,1.54,541717.0,14218.293963254593,541717.0,13.202500849818314
11363,Targówek,42.9,2,10,1961,False,False,6.96,532443.0,12411.258741258742,532443.0,13.185233006716313
11364,Mokotów,73.9,3,3,1998,False,False,0.94,1414985.0,19147.293640054126,1414985.0,14.162630195017597
11365,Mokotów,46.5,3,2,2009,True,False,6.46,732763.0,15758.344086021505,732763.0,13.50457896449775
11366,Bielany,54.0,3,0,2014,True,True,4.35,1010232.0,18708.0,1010232.0,13.825691555281194
11367,Wilanów,55.6,4,11,2003,True,False,9.73,945962.0,17013.705035971223,945962.0,13.75995873521838
11368,Targówek,18.0,1,9,2020,True,False,4.98,295941.0,16441.166666666668,295941.0,12.597918768160337
11369,Ochota,54.7,3,7,2022,True,True,8.1,980154.0,17918.72029250457,980154.0,13.79546600140557
11370,Bielany,39.8,2,4,1960,True,True,4.8,491079.0,12338.668341708544,491079.0,13.104362326294776
11371,Białołęka,44.2,2,3,1991,True,False,7.32,499430.0,11299.321266968325,499430.0,13.121224729390656
11372,Śródmieście,86.8,5,9,1954,False,True,11.56,1001946.0,11543.15668202765,1001946.0,13.817455665016421
11373,Śródmieście,27.4,2,11,1986,True,False,6.49,561503.0,20492.810218978102,561503.0,13.238374176910861
11374,Wola,72.9,5,4,2000,True,True,3.67,1245780.0,17088.888888888887,1245780.0,14.0352732004417
11375,Ursynów,48.9,2,3,2020,True,False,4.43,875052.0,17894.723926380368,875052.0,13.682039734933948
11376,Śródmieście,48.8,3,2,2017,True,False,1.04,1295263.0,26542.274590163935,1295263.0,14.074225093342806
11377,Bemowo,72.4,3,4,1967,True,True,9.17,817656.0,11293.591160220994,817656.0,13.614198212244174
11378,Wola,62.5,3,3,1963,True,True,3.96,879443.0,14071.088,879443.0,13.687045168591352
11379,Śródmieście,67.6,3,0,2003,True,False,6.14,1509367.0,22327.914201183434,1509367.0,14.227201578131162
11380,Ursynów,76.3,4,11,2000,False,False,0.85,1106556.0,14502.699868938402,1106556.0,13.916763950928647
11381,Wilanów,47.7,2,2,1981,False,False,5.21,836872.0,17544.48637316562,836872.0,13.637427605581552
11382,Wilanów,41.5,3,9,2020,True,True,11.14,747711.0,18017.13253012048,747711.0,13.52477315607682
11383,Mokotów,31.1,2,9,2021,True,True,6.56,684548.0,22011.18971061093,684548.0,13.436515506247162
11384,Mokotów,36.8,2,7,1991,True,True,21.88,459779.0,12493.994565217392,459779.0,13.038503393192505
11385,Ochota,119.9,6,6,2019,False,False,3.94,22923902.374831907,191191.84632887327,2101934.039999999,16.94769073962272
11386,Bielany,82.4,5,1,1990,True,True,6.33,1302211.0,15803.531553398057,1302211.0,14.07957491491676
11387,Białołęka,25.3,2,0,2011,True,True,5.62,380149.0,15025.652173913044,380149.0,12.848321190656582
11388,Mokotów,25.9,1,2,1996,False,True,9.25,460624.0,17784.710424710425,460624.0,13.040339541925738
11389,Targówek,65.6,3,4,1967,True,True,5.47,643355.0,9807.240853658537,643355.0,13.374453504752907
11390,Śródmieście,67.0,4,9,2021,True,False,3.76,1527740.0,22802.089552238805,1527740.0,14.23930073172361
11391,Targówek,67.1,3,10,1995,True,True,6.01,922964.0,13755.052160953801,922964.0,13.735346592939361
11392,Ursynów,49.4,2,11,2011,True,False,6.62,698585.0,14141.396761133603,698585.0,13.456813571073903
11393,Mokotów,52.2,3,0,1988,True,False,8.44,878189.0,16823.54406130268,878189.0,13.685618250117116
11394,Białołęka,62.2,3,2,1953,True,True,6.64,606086.0,9744.147909967845,606086.0,13.31477881910351
11395,Ursynów,56.9,3,2,1964,False,False,13.93,514447.0,9041.247803163445,514447.0,13.150849760149399
11396,Bemowo,18.0,1,4,1997,True,False,18.15,223871.0,12437.277777777777,223871.0,12.31882973893822
11397,Bemowo,49.9,3,2,2009,True,False,4.06,671647.0,13459.859719438879,671647.0,13.417489672745342
11398,Targówek,36.3,2,8,1986,True,True,9.83,390746.0,10764.35261707989,390746.0,12.875815570711064
11399,Bielany,58.9,3,0,2009,False,True,8.51,889304.0,15098.539898132429,889304.0,13.698195537771566
11400,Wola,120.7,6,3,2009,True,True,1.1,2616517.0,21677.85418392709,2101934.039999999,14.777354984189808
11401,Bielany,63.1,4,9,2010,True,False,12.29,841609.0,13337.702060221869,841609.0,13.643072003024269
11402,Wilanów,48.1,4,9,1997,True,False,3.15,760583.0,15812.536382536382,760583.0,13.541841838230845
11403,Ochota,75.3,5,3,2020,False,False,3.03,1344836.0,17859.707835325367,1344836.0,14.111783374082947
11404,Bielany,65.6,4,0,1997,True,True,6.51,910619.0,13881.387195121952,910619.0,13.721880965182146
11405,Ochota,64.2,3,1,1994,True,True,8.22,1112565.0,17329.672897196262,1112565.0,13.92217961710552
11406,Ochota,68.4,4,10,1975,True,False,8.07,865203.0,12649.166666666666,865203.0,13.67072059625886
11407,Białołęka,100.2,6,0,1984,False,False,5.95,1280230.0,12776.746506986028,1280230.0,14.062551088363273
11408,Mokotów,30.1,1,5,1957,True,False,5.62,393746.0,13081.26245847176,393746.0,12.883463850045336
11409,Białołęka,65.4,4,2,2006,True,True,5.57,846619.0,12945.244648318041,846619.0,13.649007230697315
11410,Ochota,34.6,2,6,1979,False,True,5.69,400610.0,11578.323699421964,400610.0,12.900746160648652
11411,Ursynów,67.2,4,4,1984,False,True,6.95,862131.0,12829.330357142857,862131.0,13.667163670172863
11412,Bemowo,34.8,1,8,2013,True,True,10.04,528499.0,15186.75287356322,528499.0,13.17779808429243
11413,Ochota,45.8,3,6,1985,False,True,9.08,650959.0,14213.078602620088,650959.0,13.38620347537054
11414,Białołęka,48.5,2,3,1978,True,True,9.59,599307.0,12356.845360824742,599307.0,13.30353093526424
11415,Ursynów,76.5,4,4,1972,True,True,7.62,1174942.0,15358.718954248367,1174942.0,13.97673019374542
11416,Białołęka,75.2,4,4,2013,False,True,8.48,986080.0,13112.765957446809,986080.0,13.801493780312057
11417,Bielany,27.6,1,10,1968,True,True,6.49,355937.0,12896.268115942028,355937.0,12.782511837363652
11418,Śródmieście,56.2,4,4,1994,True,False,8.57,1172451.0,20862.11743772242,1172451.0,13.97460784029827
11419,Targówek,39.4,2,9,1998,True,True,6.93,551165.0,13988.959390862945,551165.0,13.219791313179655
11420,Wola,27.3,2,8,2009,True,False,1.12,459370.0,16826.739926739927,459370.0,13.037613441428334
11421,Wilanów,50.2,2,9,2006,True,False,1.94,932652.0,18578.725099601594,932652.0,13.74578849210829
11422,Białołęka,48.2,2,2,2015,True,False,5.82,492058.0,10208.672199170123,492058.0,13.10635390698396
11423,Wola,108.4,6,5,1957,False,False,2.25,1275048.0,11762.435424354242,1275048.0,14.058495167208747
11424,Praga-Południe,64.5,4,7,1983,True,True,6.33,683373.0,10594.93023255814,683373.0,13.434797572870822
11425,Białołęka,24.7,1,10,1982,True,False,7.88,287782.0,11651.093117408907,287782.0,12.569962002892998
11426,Śródmieście,42.6,2,8,1969,False,False,8.28,768026.0,18028.779342723003,768026.0,13.551580167761843
11427,Wola,77.5,5,6,1982,True,False,5.73,1047144.0,13511.535483870968,1047144.0,13.861577971190147
11428,Wilanów,100.9,5,11,1984,True,True,7.93,1591568.0,15773.716551040634,1591568.0,14.280230880089634
11429,Ochota,20.1,2,2,1999,True,True,9.8,341533.0,16991.691542288558,341533.0,12.741202513798486
11430,Białołęka,18.0,1,0,2007,True,True,10.37,220635.0,12257.5,220635.0,12.304269563783752
11431,Mokotów,96.2,6,3,1989,True,False,9.99,1481207.0,15397.162162162162,1481207.0,14.208368529033205
11432,Targówek,63.6,3,5,2010,True,False,6.98,917521.0,14426.430817610062,917521.0,13.729431836825025
11433,Śródmieście,35.9,2,2,1986,True,True,3.41,741687.0,20659.805013927577,741687.0,13.516683948545635
11434,Wola,66.8,4,0,1983,True,False,1.89,995672.0,14905.269461077845,995672.0,13.811174169407128
11435,Śródmieście,18.0,1,5,2000,True,False,5.73,358798.0,19933.222222222223,358798.0,12.79051762209489
11436,Ursynów,55.1,3,0,1954,False,True,5.39,537560.0,9756.079854809437,537560.0,13.19479752091673
11437,Wilanów,62.2,3,8,1962,False,False,9.87,72933.21921748934,1172.5597944933977,199597.62,11.19731320728017
11438,Targówek,75.3,5,10,1992,True,False,3.81,1041895.0,13836.586985391767,1041895.0,13.856552688252872
11439,Ochota,32.7,1,11,2022,True,True,7.15,592672.0,18124.52599388379,592672.0,13.29239809249501
11440,Białołęka,56.9,4,0,2011,False,False,1.12,884769.0,15549.543057996485,884769.0,13.693083003207937
11441,Białołęka,34.6,1,5,1963,True,True,5.46,379136.0,10957.687861271676,379136.0,12.845652896319844
11442,Białołęka,60.6,3,0,2017,False,False,5.53,840005.0,13861.468646864687,840005.0,13.64116431365113
11443,Targówek,35.3,2,11,2011,True,False,3.73,523678.0,14835.070821529745,523678.0,13.168634180170093
11444,Mokotów,46.0,2,6,2004,False,False,1.36,757801.0,16473.934782608696,757801.0,13.538177416781947
11445,Praga-Południe,33.1,2,2,2016,True,True,3.6,585136.0,17677.824773413897,585136.0,13.279601286830445
11446,Bemowo,69.3,3,5,1991,True,True,14.11,883019.0,12741.976911976912,883019.0,13.691103129386214
11447,Bielany,73.9,5,6,1977,True,True,3.55,1147132.0,15522.76048714479,1147132.0,13.952776344053627
11448,Wola,49.8,3,0,1998,True,False,17.68,548145.0,11006.927710843374,548145.0,13.214296953803416
11449,Mokotów,55.8,3,0,2001,True,True,3.98,1068424.0,19147.383512544802,1068424.0,13.88169615942003
11450,Ochota,23.1,1,4,2000,True,False,1.8,366153.0,15850.779220779219,366153.0,12.810809288914045
11451,Wola,48.4,3,5,2002,True,True,3.67,824876.0,17042.89256198347,824876.0,13.622989563292572
11452,Białołęka,53.9,3,8,2022,True,True,3.71,944966.0,17531.83673469388,944966.0,13.75890528523122
11453,Śródmieście,112.7,6,0,2020,True,True,2.16,2940524.0,26091.606033717835,2101934.039999999,14.894098694801457
11454,Ochota,30.5,2,3,2019,True,False,4.91,454100.0,14888.524590163934,454100.0,13.026074919241733
11455,Wola,87.2,4,9,2015,True,False,2.68,1525348.0,17492.522935779816,1525348.0,14.237733794299936
11456,Wilanów,76.9,5,7,2022,True,True,5.7,1730123.0,22498.348504551363,1730123.0,14.363703640205916
11457,Białołęka,61.2,3,9,1964,True,True,3.53,641041.0,10474.526143790848,641041.0,13.3708502563772
11458,Wola,93.7,6,8,1980,True,False,13.82,1066756.0,11384.802561366061,1066756.0,13.880133763016062
11459,Śródmieście,63.2,4,2,1997,True,True,14.85,1170381.0,18518.686708860758,1170381.0,13.972840749212303
11460,Wilanów,63.6,3,10,2017,True,False,24.66,881916.0,13866.603773584906,881916.0,13.68985322625245
11461,Białołęka,53.8,3,1,1998,True,False,7.54,591423.0,10992.992565055763,591423.0,13.290288467247713
11462,Praga-Południe,81.9,5,3,2012,True,False,8.34,1147980.0,14016.849816849815,1147980.0,13.953515305202039
11463,Mokotów,79.1,4,1,1969,True,False,6.33,1148183.0,14515.58786346397,1148183.0,13.953692121764028
11464,Ursynów,41.2,3,0,1979,False,False,3.76,551682.0,13390.339805825242,551682.0,13.22072888493766
11465,Bielany,26.0,2,11,2011,True,False,6.66,283421.0,10900.807692307691,283421.0,12.554692232018983
11466,Targówek,50.5,3,2,1971,True,False,10.0,531854.0,10531.762376237624,531854.0,13.18412617478256
11467,Bielany,37.4,2,6,1987,True,False,8.95,453955.0,12137.834224598932,453955.0,13.025755556027237
11468,Ochota,53.6,2,0,1980,True,True,5.68,848775.0,15835.35447761194,848775.0,13.651550590670094
11469,Bielany,82.2,4,1,1987,True,False,6.2,997325.0,12132.907542579074,997325.0,13.812832976440186
11470,Białołęka,44.9,3,0,2010,True,True,2.34,647950.0,14430.957683741648,647950.0,13.38157035519133
11471,Praga-Południe,54.1,3,7,1988,False,False,6.06,687183.0,12702.088724584104,687183.0,13.440357366494053
11472,Ursynów,56.3,2,4,2001,False,False,2.89,954879.0,16960.550621669627,954879.0,13.769340957117423
11473,Mokotów,73.7,4,7,1964,False,True,8.76,877199.0,11902.293080054274,877199.0,13.68449029552587
11474,Mokotów,18.0,1,2,2015,True,True,8.62,350046.0,19447.0,350046.0,12.765822710164363
11475,Śródmieście,41.7,2,11,1989,True,False,12.28,807047.0,19353.645083932854,807047.0,13.601138425037151
11476,Targówek,59.6,4,6,2006,True,False,3.83,883922.0,14830.906040268455,883922.0,13.692125233753602
11477,Wola,81.4,5,7,2011,False,False,0.97,1567598.0,19257.960687960687,1567598.0,14.265055707389573
11478,Praga-Południe,44.2,3,5,1976,True,False,6.88,477689.0,10807.443438914026,477689.0,13.076717265518582
11479,Wola,18.0,1,6,2019,True,True,7.96,364162.0,20231.222222222223,364162.0,12.805356848583198
11480,Ursynów,68.6,4,11,2005,True,False,7.61,930851.0,13569.256559766765,930851.0,13.743855574771619
11481,Bielany,41.0,3,1,1993,True,True,1.61,646353.0,15764.707317073171,646353.0,13.379102620290453
11482,Mokotów,28.8,2,7,1973,False,False,15.77,320221.0,11118.784722222223,320221.0,12.676769784242618
11483,Ursynów,41.3,2,4,2022,True,True,9.02,656789.0,15902.881355932204,656789.0,13.395119611669491
11484,Bielany,50.9,3,6,2012,True,False,8.87,583832.0,11470.176817288802,583832.0,13.27737026201221
11485,Mokotów,41.7,2,0,1975,True,True,9.1,517605.0,12412.589928057552,517605.0,13.156969614064547
11486,Bielany,18.0,1,4,1986,False,True,4.59,279740.0,15541.111111111111,279740.0,12.541619454074885
11487,Targówek,74.7,4,0,2015,True,False,1.0,917285.0,12279.58500669344,917285.0,13.729174589198786
11488,Praga-Południe,83.0,4,11,2009,False,True,7.66,1176518.0,14174.915662650603,1176518.0,13.978070636615412
11489,Wilanów,69.3,4,7,2013,True,True,5.7,1272192.0,18357.74891774892,1272192.0,14.056252740932187
11490,Ochota,30.0,1,3,1994,False,False,10.89,356244.0,11874.8,356244.0,12.783373975378785
11491,Ursynów,50.6,4,3,2010,True,False,7.21,814336.0,16093.596837944664,814336.0,13.610129564222294
11492,Ursynów,54.9,3,1,1990,True,True,0.5,920922.0,16774.535519125682,920922.0,13.733131706964954
11493,Wilanów,68.2,4,4,1976,True,False,3.6,1101832.0,16155.894428152493,1101832.0,13.912485714561521
11494,Bemowo,69.7,4,0,2006,True,False,1.91,1188175.0,17046.987087517933,1188175.0,13.987929916080022
11495,Białołęka,38.8,3,8,2023,True,True,3.41,587539.0,15142.757731958764,587539.0,13.28369960778915
11496,Targówek,56.8,2,4,1984,False,True,10.31,756507.0,13318.785211267606,756507.0,13.536468387171157
11497,Targówek,65.1,4,5,1995,True,True,8.76,744298.0,11433.1490015361,744298.0,13.52019811480283
11498,Wilanów,87.0,5,1,2008,True,False,2.64,1525484.0,17534.298850574713,1525484.0,14.237822950248827
11499,Wola,70.5,4,9,2000,True,True,3.51,1268399.0,17991.475177304965,1268399.0,14.053266821646329
11500,Bielany,72.4,5,9,2017,True,True,8.52,1128406.0,15585.718232044197,1128406.0,13.936317461564682
11501,Białołęka,56.8,3,0,2013,False,False,9.74,599722.0,10558.485915492958,599722.0,13.30422316093075
11502,Praga-Południe,86.0,5,3,1959,True,False,6.5,883654.0,10275.046511627907,883654.0,13.691821993950828
11503,Praga-Południe,64.0,4,6,2024,False,True,4.04,1129329.0,17645.765625,1129329.0,13.937135094487756
11504,Wilanów,36.1,3,5,2012,False,False,13.39,540153.0,14962.686980609418,540153.0,13.199609563068076
11505,Targówek,85.9,4,9,2018,True,True,8.08,1005278.0,11702.887077997671,1005278.0,13.820775672888548
11506,Praga-Południe,70.4,4,0,2007,True,True,1.36,933677.0,13262.457386363636,933677.0,13.746886904022421
11507,Bemowo,45.3,3,0,2018,False,False,25.0,589277.0,13008.32229580574,589277.0,13.286653337700827
11508,Ursynów,44.5,3,7,1966,True,False,17.25,547191.0,12296.426966292134,547191.0,13.212555025300565
11509,Śródmieście,61.5,3,3,1987,True,True,9.17,112343.22788347636,1826.7191525768512,199597.62,11.629322900089635
11510,Ochota,65.2,3,4,2019,True,False,6.31,1167831.0,17911.518404907976,1167831.0,13.970659596408536
11511,Wilanów,59.3,3,6,1975,True,False,5.43,960606.0,16199.089376053964,960606.0,13.775320655298533
11512,Wola,61.8,4,7,1961,False,True,3.79,995881.0,16114.57928802589,995881.0,13.811384055652567
11513,Bielany,92.4,5,9,2014,True,False,9.26,1151458.0,12461.666666666666,1151458.0,13.956540391877324
11514,Ochota,78.6,3,6,2017,True,True,3.24,1353834.0,17224.35114503817,1353834.0,14.118451863876542
11515,Bielany,59.2,4,1,1971,False,False,2.21,844112.0,14258.648648648648,844112.0,13.646041650872053
11516,Mokotów,75.7,4,3,2017,False,False,6.95,1124342.0,14852.602377807132,1124342.0,13.932709423026235
11517,Ochota,32.3,1,9,2009,True,True,2.94,592433.0,18341.578947368424,592433.0,13.291994753381765
11518,Śródmieście,63.8,2,11,1999,False,True,3.38,1398532.0,21920.564263322885,1398532.0,14.150934388056514
11519,Targówek,94.8,6,0,2016,True,True,9.96,1440957.0,15199.96835443038,1440957.0,14.1808187281308
11520,Bemowo,50.2,3,9,1992,False,True,8.21,680725.0,13560.258964143426,680725.0,13.430915154681326
11521,Ursynów,36.4,2,8,1974,True,True,3.14,526272.0,14458.021978021978,526272.0,13.173575368486855
11522,Ursynów,40.7,3,2,1982,True,True,16.17,470587.0,11562.334152334151,470587.0,13.06173825558777
11523,Bemowo,31.0,2,11,1998,True,False,6.41,380560.0,12276.129032258064,380560.0,12.849401758809249
11524,Białołęka,37.7,3,2,1999,True,True,4.22,512860.0,13603.713527851458,512860.0,13.147760132272232
11525,Mokotów,46.8,2,9,2015,False,False,3.84,917141.0,19597.029914529914,917141.0,13.729017592030955
11526,Bielany,24.1,1,8,2014,True,False,3.19,364234.0,15113.443983402489,364234.0,12.805554542701618
11527,Śródmieście,55.3,2,9,2003,False,False,8.27,1176186.0,21269.186256781195,1176186.0,13.977788408404829
11528,Praga-Południe,74.9,4,2,2014,False,False,3.51,1127493.0,15053.311081441921,1127493.0,13.93550802883705
11529,Ochota,35.0,2,7,1974,True,True,5.51,544654.0,15561.542857142857,544654.0,13.207907845675926
11530,Mokotów,88.4,5,1,1958,False,True,5.36,1236972.0,13992.895927601809,1236972.0,14.028177824135604
11531,Wilanów,66.2,4,2,2018,True,False,3.37,1257776.0,18999.63746223565,1257776.0,14.044856435028342
11532,Ochota,77.7,5,1,1961,False,False,3.45,1175808.0,15132.664092664092,1175808.0,13.977466979283983
11533,Śródmieście,40.5,3,0,1979,True,False,2.2,850744.0,21006.024691358023,850744.0,13.653867715178675
11534,Wola,73.8,5,1,2009,True,False,9.45,1157295.0,15681.504065040652,1157295.0,13.96159680750945
11535,Wola,31.0,2,7,1991,True,False,7.61,547106.0,17648.58064516129,547106.0,13.212399674705946
11536,Mokotów,74.6,4,8,2019,True,False,5.33,1456574.0,19525.120643431637,1456574.0,14.191598347361762
11537,Targówek,58.8,3,1,1983,True,False,3.02,611553.0,10400.561224489797,611553.0,13.32375853765121
11538,Śródmieście,67.2,3,6,1952,True,True,8.49,1077479.0,16033.913690476189,1077479.0,13.890135539302854
11539,Śródmieście,29.1,2,4,1983,False,True,7.89,583681.0,20057.766323024054,583681.0,13.277111592957267
11540,Bemowo,35.3,2,2,2002,True,False,11.81,530173.0,15019.065155807366,530173.0,13.180960533535824
11541,Targówek,68.1,4,8,1989,True,True,8.77,1105215.0,16229.295154185023,1105215.0,13.915551348944343
11542,Bielany,34.1,2,5,2000,True,True,2.96,542473.0,15908.299120234604,542473.0,13.20389543698097
11543,Bielany,65.2,4,10,2019,True,True,3.94,1165710.0,17878.987730061348,1165710.0,13.968841759253554
11544,Praga-Południe,24.9,1,0,2020,True,False,12.17,300587.0,12071.767068273093,300587.0,12.6134958353445
11545,Ursynów,73.7,4,4,1981,False,True,2.43,980375.0,13302.238805970148,980375.0,13.795691450532297
11546,Wola,27.9,2,6,1995,False,False,7.13,341777.0,12250.071684587814,341777.0,12.7419166824663
11547,Wilanów,67.2,3,3,2001,True,True,8.69,1268594.0,18877.886904761905,1268594.0,14.053420546821494
11548,Bielany,68.8,4,7,2022,True,True,8.54,1224641.0,17800.01453488372,1224641.0,14.018159114351143
11549,Targówek,39.7,3,9,2024,True,True,2.51,696870.0,17553.400503778335,696870.0,13.454355593703834
11550,Śródmieście,67.8,3,4,1978,True,True,5.32,1381783.0,20380.2802359882,1381783.0,14.138885975870068
11551,Wilanów,60.7,4,8,2011,True,False,2.5,1302397.0,21456.293245469522,1302397.0,14.079717738602698
11552,Bielany,43.1,2,8,1989,False,True,3.93,800448.0,18571.879350348026,800448.0,13.59292809920819
11553,Śródmieście,32.8,2,8,1951,True,True,5.64,529855.0,16154.115853658537,529855.0,13.180360550498477
11554,Bielany,18.0,1,0,1951,False,False,9.07,111413.0,6189.611111111111,199597.62,11.62100827182865
11555,Wola,62.7,4,1,1995,True,False,8.32,986028.0,15726.124401913876,986028.0,13.801441044916961
11556,Ochota,20.6,2,2,1997,True,True,6.21,370857.0,18002.76699029126,370857.0,12.823574518996207
11557,Bielany,57.1,4,3,1953,True,True,5.19,554385.0,9709.019264448336,554385.0,13.225616474013728
11558,Targówek,49.2,3,9,2009,True,False,6.31,721276.0,14660.081300813008,721276.0,13.48877853111244
11559,Bielany,69.9,4,8,1983,True,False,6.93,852964.0,12202.632331902718,852964.0,13.656473793979005
11560,Ursynów,48.4,2,9,2001,False,True,4.72,775097.0,16014.400826446281,775097.0,13.560744751954056
11561,Wilanów,47.8,3,5,1983,True,False,0.5,782743.0,16375.376569037659,782743.0,13.570560973876617
11562,Wilanów,71.1,4,0,1971,False,True,3.79,1057375.0,14871.659634317863,1057375.0,13.871300925344135
11563,Wola,62.4,3,11,1991,True,True,5.64,948608.0,15202.051282051283,948608.0,13.762751980046644
11564,Targówek,62.0,4,8,1978,True,False,8.63,752797.0,12141.887096774193,752797.0,13.531552210501637
11565,Bemowo,65.3,3,5,2000,True,False,4.02,881716.0,13502.542113323125,881716.0,13.689626421823801
11566,Targówek,21.2,1,3,1975,True,True,3.65,281769.0,13290.990566037737,281769.0,12.548846414298419
11567,Wilanów,71.6,3,3,1998,True,False,0.86,1362952.0,19035.64245810056,1362952.0,14.125164227325506
11568,Ursynów,68.5,4,2,1970,True,True,5.96,819249.0,11959.839416058394,819249.0,13.616144566561061
11569,Ochota,32.6,2,6,2008,True,True,5.96,568410.0,17435.889570552146,568410.0,13.250600027586438
11570,Wola,49.6,3,2,2012,True,True,2.08,991680.0,19993.548387096773,991680.0,13.807156761970814
11571,Bemowo,54.1,3,1,1965,True,True,8.25,748060.0,13827.356746765248,748060.0,13.525239804433667
11572,Ursynów,52.0,3,9,1995,True,False,5.57,870333.0,16737.173076923078,870333.0,13.676632325002904
11573,Ursynów,62.3,3,7,1961,True,False,2.42,703945.0,11299.277688603532,703945.0,13.464456927652781
11574,Mokotów,86.5,5,3,2004,False,True,4.3,1621836.0,18749.549132947977,1621836.0,14.299070015389464
11575,Wola,78.8,5,7,1980,True,False,5.19,912811.0,11583.895939086295,912811.0,13.72428522380643
11576,Targówek,26.1,2,0,1999,False,False,3.1,369498.0,14157.011494252873,369498.0,12.819903313006785
11577,Śródmieście,68.7,4,4,1999,True,False,11.46,1394714.0,20301.51382823872,1394714.0,14.148200651290027
11578,Ochota,84.2,4,8,2021,True,False,3.5,1146882.0,13620.926365795724,1146882.0,13.952558385677582
11579,Śródmieście,63.5,3,0,2001,True,True,1.42,1494371.0,23533.40157480315,1494371.0,14.21721660966448
11580,Targówek,79.0,4,10,2003,False,False,2.24,942527.0,11930.721518987342,942527.0,13.756320906085834
11581,Targówek,99.3,6,3,1991,True,False,6.73,1167099.0,11753.262839879155,1167099.0,13.970032597400445
11582,Wola,77.5,5,5,2022,False,False,8.32,1201534.0,15503.664516129033,1201534.0,13.999110463988233
11583,Targówek,60.5,4,9,2013,True,False,6.7,815983.0,13487.322314049587,815983.0,13.612150025910871
11584,Wilanów,78.0,4,7,1982,True,True,8.11,1433706.0,18380.846153846152,1433706.0,14.175773955694366
11585,Mokotów,58.2,4,2,2017,True,False,3.99,1068463.0,18358.470790378007,1068463.0,13.881732661082031
11586,Bemowo,55.5,3,4,1993,True,True,1.07,795368.0,14330.954954954956,795368.0,13.586561436895137
11587,Targówek,47.3,3,6,2016,True,True,17.16,564608.0,11936.744186046511,564608.0,13.243888735163319
11588,Śródmieście,89.4,5,0,2016,True,True,6.93,2066993.0,23120.72706935123,2066993.0,14.541605935902073
11589,Targówek,37.0,2,6,1974,True,False,4.7,426642.0,11530.864864864865,426642.0,12.963702876939243
11590,Mokotów,88.7,5,11,2009,False,True,5.65,1533065.0,17283.7091319053,1533065.0,14.242780209764778
11591,Wilanów,66.0,4,10,1983,True,False,16.7,921622.0,13963.969696969696,921622.0,13.733891525209575
11592,Wilanów,24.2,2,7,1983,False,True,3.18,2897825.65424047,119744.86174547397,2101934.039999999,14.879471584421726
11593,Bielany,63.1,4,7,1983,True,False,4.82,709483.0,11243.78763866878,709483.0,13.472293224235637
11594,Wilanów,18.0,1,8,2011,True,True,8.65,356852.0,19825.11111111111,356852.0,12.785079211257528
11595,Bielany,68.8,5,5,1977,False,False,5.68,923024.0,13416.046511627908,923024.0,13.735411598708646
11596,Ursynów,74.5,5,11,1950,False,False,1.44,818691.0,10989.140939597315,818691.0,13.615463223727692
11597,Ochota,42.0,3,5,2010,False,True,14.29,680801.0,16209.547619047618,680801.0,13.431026793957315
11598,Praga-Południe,585.187340781095,3,1,1972,True,True,14.51,614202.0,1049.5818299489815,614202.0,13.328080771379405
11599,Wilanów,98.0,6,2,1965,True,False,7.13,1262427.0,12881.908163265307,1262427.0,14.048547408802426
11600,Bemowo,43.9,3,3,1978,True,False,18.47,354824.0,8082.551252847381,354824.0,12.779379989167458
11601,Białołęka,31.7,2,3,1989,True,False,5.93,414447.0,13074.03785488959,414447.0,12.93470279333545
11602,Ursynów,87.6,5,7,1996,True,True,6.6,1444293.0,16487.363013698632,1444293.0,14.18313117881905
11603,Wilanów,98.2,5,0,1957,False,False,0.65,1675802.0,17065.19348268839,1675802.0,14.33180301134948
11604,Ochota,55.1,1,9,2023,False,True,5.35,1032568.0,18739.891107078038,1032568.0,13.847560429671594
11605,Bielany,77.3,4,3,2010,True,False,6.15,1114734.0,14420.879689521345,1114734.0,13.924127266467368
11606,Śródmieście,84.5,4,10,1985,True,False,10.91,1552202.0,18369.254437869822,1552202.0,14.255185770140933
11607,Białołęka,38.7,3,11,1985,False,True,5.35,472683.0,12214.031007751937,472683.0,13.066182368101845
11608,Ochota,44.3,2,10,1994,True,False,4.58,659568.0,14888.668171557563,659568.0,13.399341870382417
11609,Ochota,82.1,4,10,2005,True,False,2.78,1298099.0,15811.193666260659,1298099.0,14.076412214881087
11610,Wilanów,92.1,5,3,1969,True,False,3.1,1225461.0,13305.765472312705,1225461.0,14.018828473717615
11611,Ursynów,67.4,3,0,1974,True,True,1.93,932640.0,13837.388724035607,932640.0,13.745775625503883
11612,Białołęka,35.6,2,2,2018,False,True,5.85,496262.0,13939.943820224718,496262.0,13.114861307113967
11613,Wola,98.7,6,4,1980,True,False,6.91,1030060.0,10436.27152988855,1030060.0,13.845128581753158
11614,Praga-Południe,43.3,3,5,1989,True,True,6.34,551867.0,12745.196304849886,551867.0,13.221064166228208
11615,Wola,47.6,2,8,2018,True,True,4.0,996189.0,20928.340336134454,996189.0,13.811693281425987
11616,Białołęka,62.5,3,8,2007,False,False,6.06,893797.0,14300.752,893797.0,13.70323507784193
11617,Wola,89.2,4,8,1987,False,True,6.33,1318906.0,14785.941704035875,1318906.0,14.092313921253073
11618,Wilanów,73.8,4,10,2008,True,False,5.52,1298522.0,17595.149051490516,1298522.0,14.076738022673547
11619,Mokotów,64.1,4,0,1953,True,True,6.04,851791.0,13288.471138845554,851791.0,13.65509764455112
11620,Bielany,65.2,4,11,2011,True,True,5.45,988214.0,15156.65644171779,988214.0,13.803655564392125
11621,Mokotów,56.0,3,8,1997,True,False,14.8,894453.0,15972.375,894453.0,13.703968755231275
11622,Targówek,67.3,4,7,2015,True,False,2.75,1144820.0,17010.69836552749,1144820.0,13.950758850871646
11623,Wola,18.0,2,1,2022,True,False,10.89,249069.0,13837.166666666666,249069.0,12.425489260436748
11624,Targówek,48.5,3,10,2021,True,False,0.87,686789.0,14160.59793814433,686789.0,13.439783847619898
11625,Śródmieście,60.3,3,0,2020,True,False,9.27,1113768.0,18470.44776119403,1113768.0,13.92326031710537
11626,Bemowo,29.7,1,0,1998,True,True,3.39,461794.0,15548.619528619529,461794.0,13.042876348645997
11627,Śródmieście,63.5,3,11,1988,False,True,8.4,1175307.0,18508.771653543306,1175307.0,13.977040798870519
11628,Białołęka,50.5,3,5,1995,True,True,2.78,729216.0,14439.920792079209,729216.0,13.499726634734863
11629,Ochota,93.6,6,8,2009,True,False,7.82,1553522.0,16597.457264957266,1553522.0,14.256035812984045
11630,Bielany,89.6,5,6,2019,False,True,3.25,1537413.0,17158.62723214286,1537413.0,14.245612342139042
11631,Wola,44.8,2,4,1975,True,True,10.61,530256.0,11836.07142857143,530256.0,13.181117073659925
11632,Ursynów,51.7,3,10,2021,True,False,4.1,857115.0,16578.626692456477,857115.0,13.661328544312783
11633,Bemowo,53.4,3,1,2015,True,True,5.44,732948.0,13725.61797752809,732948.0,13.5048314013677
11634,Praga-Południe,45.1,3,0,2024,True,True,0.5,897053.0,19890.31042128603,897053.0,13.706871339897843
11635,Praga-Południe,59.3,3,1,2019,True,False,2.94,864463.0,14577.79089376054,864463.0,13.669864940670449
11636,Praga-Południe,38.3,3,0,1982,True,True,11.71,377345.0,9852.349869451698,377345.0,12.840917817418326
11637,Wola,30.1,1,2,1965,False,False,3.23,383742.0,12748.90365448505,383742.0,12.857728336674828
11638,Praga-Południe,68.7,4,5,1966,True,False,2.28,837831.0,12195.502183406114,837831.0,13.638572882038986
11639,Wilanów,68.8,3,7,1983,True,True,7.69,1253465.0,18218.968023255813,1253465.0,14.041423072159969
11640,Mokotów,37.3,2,2,2004,True,False,5.92,716407.0,19206.62198391421,716407.0,13.482005116052184
11641,Bemowo,74.7,4,9,2015,True,True,17.83,976853.0,13077.014725568943,976853.0,13.79209248280589
11642,Mokotów,41.1,2,8,2020,True,False,3.85,765084.0,18615.182481751825,765084.0,13.547742217747402
11643,Ochota,60.6,3,9,2005,True,False,6.87,1005537.0,16593.019801980197,1005537.0,13.82103327962395
11644,Bemowo,73.0,4,4,1951,True,False,7.72,843196.0,11550.630136986301,843196.0,13.644955898888142
11645,Mokotów,54.3,2,6,1973,True,False,3.31,850946.0,15671.197053406999,850946.0,13.654105125945076
11646,Bemowo,65.0,3,7,1964,False,True,17.5,712454.0,10960.83076923077,712454.0,13.476472031235662
11647,Ochota,43.6,3,2,1988,True,True,5.25,657032.0,15069.54128440367,657032.0,13.39548952451585
11648,Targówek,50.7,3,1,1998,False,False,1.89,659412.0,13006.153846153846,659412.0,13.399105324317759
11649,Wilanów,50.5,3,1,1957,True,True,0.75,687481.0,13613.485148514852,687481.0,13.440790926361931
11650,Wola,38.6,2,4,1987,True,True,6.65,708165.0,18346.24352331606,708165.0,13.470433808470474
11651,Wola,51.1,3,0,1973,False,True,2.73,749031.0,14658.140900195694,749031.0,13.526536985218236
11652,Praga-Południe,20.9,1,1,2006,True,False,11.75,301588.0,14430.047846889953,301588.0,12.616820442302272
11653,Wilanów,44.2,1,8,1995,True,True,7.0,766520.0,17342.0814479638,766520.0,13.549617374178982
11654,Śródmieście,48.7,3,6,1997,True,False,1.53,1085319.0,22285.811088295686,1085319.0,13.897385432348711
11655,Praga-Południe,49.4,3,5,1993,True,True,4.37,705956.0,14290.607287449393,705956.0,13.467309608104921
11656,Białołęka,49.7,3,8,2022,True,True,5.97,693812.0,13960.0,693812.0,13.44995775073054
11657,Wilanów,53.6,2,6,1976,False,False,5.35,850917.0,15875.317164179103,850917.0,13.654071045686063
11658,Mokotów,65.5,2,10,1999,True,True,9.27,1253687.0,19140.25954198473,1253687.0,14.041600165390445
11659,Bemowo,74.2,4,4,2011,False,False,5.48,1245945.0,16791.711590296494,1245945.0,14.0354056387066
11660,Śródmieście,40.7,2,8,2001,True,True,2.33,1010147.0,24819.33660933661,1010147.0,13.825607412735755
11661,Wilanów,28.5,1,5,2021,True,True,4.29,561020.0,19684.912280701756,561020.0,13.23751361695931
11662,Ochota,32.1,1,5,1989,True,True,5.59,444234.0,13839.065420560748,444234.0,13.004108980674767
11663,Białołęka,44.3,4,10,1995,False,False,6.1,590293.0,13324.898419864561,590293.0,13.288375996853897
11664,Ochota,47.3,2,3,1963,False,False,2.56,540537.0,11427.843551797041,540537.0,13.200320218862995
11665,Wola,38.1,2,11,2004,True,False,6.27,659627.0,17313.044619422573,659627.0,13.399431318736285
11666,Wola,26.5,1,0,1982,True,True,3.17,450276.0,16991.54716981132,450276.0,13.017618227925448
11667,Praga-Południe,45.0,1,4,1971,True,False,8.63,583555.0,12967.888888888889,583555.0,13.276895698682937
11668,Mokotów,59.0,3,10,2000,True,False,9.91,979057.0,16594.186440677968,979057.0,13.794346163884443
11669,Śródmieście,68.1,4,8,2000,True,False,7.26,1370553.0,20125.59471365639,1370553.0,14.130725595626972
11670,Bielany,42.7,2,7,1961,False,False,8.86,578162.0,13540.093676814988,578162.0,13.267611114818452
11671,Białołęka,45.9,2,7,2009,True,False,7.59,638841.0,13918.1045751634,638841.0,13.367412441439692
11672,Białołęka,34.6,2,4,2005,True,True,4.47,519041.0,15001.184971098266,519041.0,13.159740083729277
11673,Wilanów,54.3,3,11,1974,True,False,2.57,837797.0,15429.042357274402,837797.0,13.638532300287638
11674,Praga-Południe,36.3,1,8,1996,True,False,6.43,406580.0,11200.550964187329,406580.0,12.915538450112589
11675,Wola,67.6,4,2,2010,True,False,6.59,1106693.0,16371.198224852073,1106693.0,13.916887750714732
11676,Praga-Południe,18.0,1,2,1999,True,True,6.99,211636.0,11757.555555555555,211636.0,12.262627821903427
11677,Bemowo,47.1,2,0,1990,False,True,3.98,645014.0,13694.56475583864,645014.0,13.37702885132145
11678,Wilanów,61.6,4,8,1985,True,True,12.55,1050790.0,17058.27922077922,1050790.0,13.865053771853912
11679,Wilanów,59.0,4,5,2004,True,True,8.1,1193711.0,20232.389830508473,1193711.0,13.99257833780968
11680,Śródmieście,114.2,6,1,2022,True,True,7.06,2688627.0,23543.143607705777,2101934.039999999,14.804541584290098
11681,Mokotów,62.7,3,7,2008,True,False,1.85,1450848.0,23139.521531100476,1450848.0,14.187659460289797
11682,Targówek,473.49199483431875,1,11,1961,True,False,1.98,436705.0,922.3070395367697,436705.0,12.987015478788473
11683,Ursynów,52.9,3,8,1995,False,False,9.1,685107.0,12950.982986767485,685107.0,13.43733176905024
11684,Ursynów,18.0,1,8,2019,True,False,6.29,317163.0,17620.166666666668,317163.0,12.667174269237693
11685,Wilanów,53.2,3,1,1964,False,True,7.47,742730.0,13961.090225563908,742730.0,13.518089212385076
11686,Praga-Południe,36.7,2,1,2024,True,False,8.41,531202.0,14474.1689373297,531202.0,13.182899524718774
11687,Bemowo,75.1,5,6,2022,True,True,5.92,1208763.0,16095.37949400799,1208763.0,14.005108907895599
11688,Śródmieście,42.9,2,10,1962,False,False,2.2,662135.0,15434.382284382285,662135.0,13.403226251886101
11689,Bielany,52.4,3,3,2021,True,True,2.07,965176.0,18419.3893129771,965176.0,13.780066783190907
11690,Ursynów,41.0,1,0,1988,False,True,6.92,577712.0,14090.536585365853,577712.0,13.266832484545422
11691,Śródmieście,93.3,6,7,2017,True,True,15.36,1899998.0,20364.394426580922,1899998.0,14.457363917820741
11692,Wilanów,47.9,2,1,1992,True,False,3.26,850490.0,17755.53235908142,850490.0,13.653569108751482
11693,Mokotów,95.3,5,2,1994,False,True,3.08,1563053.0,16401.39559286464,1563053.0,14.262152157751151
11694,Ochota,72.9,4,4,2006,False,True,1.3,1456185.0,19975.102880658436,1456185.0,14.19133124683253
11695,Bemowo,65.6,4,2,2013,True,False,4.02,1027449.0,15662.332317073173,1027449.0,13.842590562368017
11696,Wola,63.1,3,6,1955,True,False,9.94,734504.0,11640.316957210776,734504.0,13.506952081924839
11697,Śródmieście,63.7,4,6,2003,True,True,3.51,1369615.0,21501.020408163266,1369615.0,14.13004096654437
11698,Mokotów,18.0,1,1,1973,False,False,4.15,300150.0,16675.0,300150.0,12.612040960341938
11699,Bielany,48.9,3,6,1987,True,False,8.03,688460.0,14078.936605316974,688460.0,13.442213950666291
11700,Targówek,73.6,4,10,1987,False,True,1.25,994644.0,13514.184782608696,994644.0,13.810141168558607
11701,Wola,53.9,3,5,1995,True,False,11.2,676070.0,12543.042671614101,676070.0,13.42405337909568
11702,Wilanów,24.1,1,9,1986,True,True,2.7,513390.0,21302.489626556016,513390.0,13.148793017074636
11703,Targówek,53.8,3,8,1965,True,False,7.17,545554.0,10140.408921933085,545554.0,13.209558904104027
11704,Bielany,92.5,5,8,1969,True,False,2.43,1082942.0,11707.481081081081,1082942.0,13.89519289301909
11705,Mokotów,82.4,5,1,1955,False,False,2.13,1118056.0,13568.640776699029,1118056.0,13.927102915297368
11706,Ursynów,53.6,3,6,1996,True,False,6.77,795195.0,14835.727611940298,795195.0,13.586343904130763
11707,Targówek,75.9,5,4,2022,False,True,3.73,1134942.0,14953.122529644268,1134942.0,13.942092987372243
11708,Wilanów,46.9,2,5,1966,True,True,12.39,438563.0,9351.023454157783,438563.0,12.991261032253867
11709,Wola,18.0,1,0,2022,True,False,3.67,339538.0,18863.222222222223,339538.0,12.735344094199187
11710,Praga-Południe,34.7,1,6,2011,False,False,9.05,483904.0,13945.360230547549,483904.0,13.089643885441399
11711,Białołęka,89.4,5,5,2006,True,True,8.92,1061198.0,11870.223713646532,1061198.0,13.87490995891584
11712,Śródmieście,49.0,3,3,2006,True,False,7.56,1124320.0,22945.30612244898,1124320.0,13.932689855852127
11713,Ursynów,49.6,2,0,2016,True,True,4.44,933228.0,18815.080645161288,933228.0,13.746405894514549
11714,Targówek,48.4,3,8,1965,False,True,6.04,575821.0,11897.128099173555,575821.0,13.263553864141327
11715,Ochota,96.9,5,3,1998,False,False,3.48,1323959.0,13663.1475748194,1323959.0,14.096137803542351
11716,Śródmieście,90.8,5,1,2009,True,True,4.28,2199874.0,24227.687224669604,2101934.039999999,14.603911098532512
11717,Praga-Południe,103.8,6,7,2003,False,False,7.61,1347326.0,12980.019267822736,1347326.0,14.1136331876233
11718,Bielany,51.5,3,1,2016,True,True,4.4,849737.0,16499.747572815533,849737.0,13.652683345658119
11719,Białołęka,61.5,3,4,1961,True,True,7.29,751195.0,12214.552845528455,751195.0,13.529421882048382
11720,Mokotów,21.6,1,10,2009,False,False,6.4,348844.0,16150.185185185184,348844.0,12.76238297645687
11721,Praga-Południe,87.5,5,5,2000,True,False,1.44,1210191.0,13830.754285714285,1210191.0,14.006289582670902
11722,Praga-Południe,29.3,2,10,1989,False,True,9.79,326256.0,11135.017064846415,326256.0,12.695440693327562
11723,Bielany,59.8,4,7,1986,True,True,1.66,864952.0,14464.08026755853,864952.0,13.670430449177687
11724,Bemowo,30.9,2,10,2005,True,True,4.7,479754.0,15526.019417475729,479754.0,13.081030835910477
11725,Bielany,42.0,1,0,2019,True,False,7.85,607263.0,14458.642857142857,607263.0,13.316718901353706
11726,Bemowo,36.6,2,0,1997,True,False,4.21,506622.0,13842.131147540984,506622.0,13.135522416229751
11727,Bemowo,41.6,2,11,2016,False,False,8.38,628882.0,15117.35576923077,628882.0,13.351700508841708
11728,Ursynów,43.1,3,3,1991,True,True,1.57,802739.0,18625.034802784223,802739.0,13.59578615469572
11729,Ursynów,42.9,1,4,1964,True,True,10.13,449274.0,10472.587412587412,449274.0,13.015390451400222
11730,Wola,73.3,5,8,1959,True,False,6.91,1113965.0,15197.339699863574,1113965.0,13.923437178357283
11731,Targówek,30.7,2,10,1958,True,False,8.65,338595.0,11029.153094462541,338595.0,12.73256293526231
11732,Targówek,59.9,3,6,1989,False,False,2.26,664276.0,11089.749582637729,664276.0,13.406454510142611
11733,Wilanów,81.8,5,6,1986,True,False,2.65,1386520.0,16950.122249388754,1386520.0,14.142308289974478
11734,Mokotów,43.7,4,7,2010,True,True,8.47,819750.0,18758.58123569794,819750.0,13.61675591459026
11735,Targówek,39.2,3,4,2012,False,False,2.07,445552.0,11366.122448979591,445552.0,13.007071486269236
11736,Ursynów,49.9,3,4,1958,True,False,8.41,564318.0,11308.977955911823,564318.0,13.243374973424078
11737,Wola,81.0,5,0,1977,False,False,0.5,1282598.0,15834.543209876543,1282598.0,14.064399046030292
11738,Wola,59.3,3,8,1981,True,True,2.48,935327.0,15772.799325463744,935327.0,13.748652548893178
11739,Bemowo,43.3,2,5,2000,True,True,12.39,488858.0,11290.023094688222,488858.0,13.09982938331973
11740,Wilanów,65.6,3,8,1969,False,True,4.25,1073438.0,16363.384146341465,1073438.0,13.886378071211842
11741,Bielany,30.7,1,2,1968,True,False,4.74,476782.0,15530.358306188926,476782.0,13.07481673973523
11742,Mokotów,70.0,3,4,2022,True,True,1.32,1440728.0,20581.82857142857,1440728.0,14.180659793450884
11743,Bemowo,64.0,4,1,2015,True,True,7.39,942323.0,14723.796875,942323.0,13.756104443466173
11744,Bielany,48.2,2,9,1973,True,False,8.27,554775.0,11509.854771784232,554775.0,13.226319707655112
11745,Targówek,36.6,2,4,1991,True,True,2.78,602305.0,16456.42076502732,602305.0,13.308520900795244
11746,Wilanów,35.5,2,7,1988,False,True,5.13,530215.0,14935.633802816901,530215.0,13.181039749673324
11747,Bemowo,66.8,4,10,2014,True,True,3.07,1201031.0,17979.505988023953,1201031.0,13.998691745170111
11748,Śródmieście,82.0,4,1,1998,True,True,13.96,1513459.0,18456.817073170732,1513459.0,14.229908978287263
11749,Targówek,41.0,4,7,1967,False,True,3.72,457695.0,11163.292682926829,457695.0,13.033960487254626
11750,Bielany,65.1,4,3,2011,True,False,2.89,905629.0,13911.351766513058,905629.0,13.716386113090842
11751,Mokotów,18.0,1,9,1991,True,False,5.92,285778.0,15876.555555555555,285778.0,12.562974063821654
11752,Bielany,42.1,2,9,1980,False,False,1.0,489987.0,11638.646080760094,489987.0,13.10213617999101
11753,Bemowo,54.3,3,0,1989,False,True,9.82,651086.0,11990.534069981584,651086.0,13.3863985528146
11754,Bemowo,35.0,1,4,1997,True,False,2.68,379405.0,10840.142857142857,379405.0,12.846362150801863
11755,Praga-Południe,34.4,1,0,1987,True,True,5.18,379659.0,11036.598837209303,379659.0,12.847031394344533
11756,Mokotów,40.3,2,6,1978,True,True,1.23,735496.0,18250.521091811417,735496.0,13.50830174015739
11757,Ochota,61.4,3,7,1991,True,False,5.11,1039861.0,16935.84690553746,1039861.0,13.85459857000546
11758,Targówek,50.9,3,2,1953,True,True,12.31,747856.0,14692.652259332024,747856.0,13.524967062209475
11759,Wola,18.0,1,2,2013,False,True,0.93,368866.0,20492.555555555555,368866.0,12.818191424446525
11760,Mokotów,18.0,2,6,1972,False,False,6.86,235698.0,13094.333333333334,235698.0,12.370310846233847
11761,Wola,41.6,2,3,1957,False,False,3.31,415517.0,9988.389423076922,415517.0,12.937281213638938
11762,Mokotów,65.1,4,2,2007,True,True,11.34,1171777.0,17999.646697388634,1171777.0,13.974032811381678
11763,Mokotów,18.0,1,7,2013,False,True,2.47,311908.0,17328.222222222223,311908.0,12.650466757581958
11764,Bielany,44.0,2,2,2015,True,True,6.87,646226.0,14686.954545454546,646226.0,13.378906114229466
11765,Mokotów,43.4,2,6,1997,True,False,5.6,787294.0,18140.414746543778,787294.0,13.576358298333137
11766,Praga-Południe,85.5,6,1,1975,True,True,10.47,1042390.0,12191.69590643275,1042390.0,13.85702767083378
11767,Ochota,46.5,3,10,2011,True,True,8.92,711186.0,15294.322580645161,711186.0,13.47469068404964
11768,Bemowo,63.4,4,10,2009,False,False,4.59,736981.0,11624.305993690852,736981.0,13.510318747535363
11769,Białołęka,58.1,3,0,1979,True,False,4.84,688514.0,11850.499139414802,688514.0,13.4422923834059
11770,Wola,18.0,1,11,2020,True,True,8.28,339428.0,18857.11111111111,339428.0,12.735020073034825
11771,Bemowo,71.9,4,5,1965,False,True,1.97,1089317.0,15150.445062586925,1089317.0,13.901062370307463
11772,Białołęka,59.7,3,7,2024,True,False,4.91,620233.0,10389.162479061975,620233.0,13.337852105171343
11773,Ochota,66.2,3,0,2018,False,False,3.63,1106503.0,16714.546827794562,1106503.0,13.916716053468967
11774,Ochota,141.4,6,9,2009,True,True,2.03,2810721.0,19877.800565770864,2101934.039999999,14.848951947808407
11775,Wola,18.0,1,11,2022,True,True,5.77,336111.0,18672.833333333332,336111.0,12.725199716735462
11776,Wola,92.9,5,8,2011,False,True,8.3,1340489.0,14429.375672766415,1340489.0,14.108545776727304
11777,Ochota,48.7,3,2,1974,True,True,3.6,677043.0,13902.320328542093,677043.0,13.425491542396959
11778,Białołęka,61.3,4,2,1994,True,False,7.36,732771.0,11953.849918433933,732771.0,13.504589882005066
11779,Mokotów,54.0,3,3,1961,True,True,7.17,756806.0,14014.925925925925,756806.0,13.536863546148489
11780,Targówek,45.7,2,10,1990,True,False,7.94,567218.0,12411.772428884025,567218.0,13.248500751523357
11781,Wilanów,42.5,2,0,2012,True,False,8.05,845425.0,19892.352941176472,845425.0,13.647595921314256
11782,Śródmieście,62.2,3,8,1990,True,False,10.82,1089612.0,17517.877813504823,1089612.0,13.901333145290058
11783,Wilanów,21.6,2,10,1986,True,True,6.71,421168.0,19498.51851851852,421168.0,12.950789457293135
11784,Bemowo,71.5,4,2,2003,False,False,9.21,901577.0,12609.468531468532,901577.0,13.711901840345218
11785,Bielany,45.8,2,9,2018,True,True,1.01,833594.0,18200.742358078605,833594.0,13.633502951882637
11786,Bemowo,30.1,1,3,1957,True,False,12.05,299874.0,9962.591362126246,299874.0,12.611121000141996
11787,Bielany,45.1,3,0,1990,True,False,1.19,674193.0,14948.847006651884,674193.0,13.421273182306129
11788,Białołęka,82.7,4,3,1971,False,True,15.12,851201.0,10292.636033857316,851201.0,13.654404747190817
11789,Bielany,43.2,2,0,2009,False,True,3.09,719541.0,16656.041666666664,719541.0,13.486370177476616
11790,Wola,62.9,4,4,1965,True,True,5.62,930503.0,14793.370429252782,930503.0,13.743481653819309
11791,Targówek,38.9,3,4,2007,False,False,3.01,325207.0,8360.077120822622,325207.0,12.692220256599214
11792,Targówek,71.7,4,10,1982,True,False,10.76,849347.0,11845.84379358438,849347.0,13.652224275302823
11793,Wola,70.1,3,6,1975,True,False,5.32,809557.0,11548.601997146934,809557.0,13.6042436986993
11794,Praga-Południe,95.7,5,7,2021,True,False,4.74,1329607.0,13893.490073145245,1329607.0,14.100394719912392
11795,Wilanów,51.1,3,3,1953,True,True,7.36,566309.0,11082.367906066536,566309.0,13.24689691043089
11796,Białołęka,69.7,4,6,1993,True,False,7.07,1006828.0,14445.164992826398,1006828.0,13.82231634596037
11797,Wilanów,57.2,4,3,1953,True,False,3.59,860904.0,15050.76923076923,860904.0,13.665739440504659
11798,Praga-Południe,83.5,5,2,1996,False,False,6.12,991289.0,11871.724550898203,991289.0,13.806762404206564
11799,Praga-Południe,39.2,3,5,1998,False,False,6.12,572172.0,14596.224489795917,572172.0,13.25719667218634
11800,Bemowo,71.4,4,3,1985,True,False,1.73,1052379.0,14739.201680672268,1052379.0,13.866564823786772
11801,Ochota,50.7,3,2,1968,True,False,4.78,692518.0,13659.13214990138,692518.0,13.448090953490352
11802,Bemowo,53.6,4,8,1989,True,False,12.43,667966.0,12462.052238805969,667966.0,13.4119940501009
11803,Ochota,57.0,3,4,2008,True,False,7.9,851697.0,14942.052631578947,851697.0,13.654987282881727
11804,Śródmieście,60.5,3,6,2014,True,False,3.03,1279107.0,21142.26446280992,1279107.0,14.061673517965549
11805,Bielany,52.4,3,11,1999,True,False,7.28,789898.0,15074.3893129771,789898.0,13.579660368168673
11806,Ochota,59.7,3,5,2003,True,False,8.78,886046.0,14841.641541038525,886046.0,13.694525275584317
11807,Wilanów,89.7,4,9,1975,False,False,14.51,912889.0,10177.134894091416,912889.0,13.724370670390865
11808,Wola,76.7,4,4,1982,True,True,6.77,1273476.0,16603.337679269884,1273476.0,14.057261512775266
11809,Bemowo,74.1,5,6,1971,True,True,9.65,917609.0,12383.387314439948,917609.0,13.729527742732683
11810,Białołęka,45.0,1,10,1979,True,True,10.57,622888.0,13841.955555555556,622888.0,13.342123611750942
11811,Bielany,35.4,3,5,1977,True,False,3.23,478098.0,13505.593220338984,478098.0,13.077573102999374
11812,Śródmieście,76.0,5,9,1999,False,False,2.79,1428473.0,18795.697368421053,1428473.0,14.17211729957728
11813,Ochota,74.3,4,1,2001,True,False,1.97,1029855.0,13860.767160161507,1029855.0,13.844929544606831
11814,Śródmieście,87.4,5,2,2022,False,True,7.56,2150328.0,24603.295194508006,2101934.039999999,14.581131411652795
11815,Białołęka,41.7,2,1,1974,False,True,2.46,496804.0,11913.764988009592,496804.0,13.115952873962998
11816,Praga-Południe,49.9,3,11,2006,True,True,2.99,705502.0,14138.316633266533,705502.0,13.466666302569296
11817,Targówek,18.9,2,2,2016,True,True,8.27,252931.0,13382.592592592593,252931.0,12.440875956879706
11818,Białołęka,46.4,2,0,2001,False,False,4.31,660548.0,14235.948275862069,660548.0,13.400826586415414
11819,Ursynów,76.9,5,7,1980,False,True,8.62,1067164.0,13877.295188556565,1067164.0,13.880516157503743
11820,Białołęka,44.7,2,5,1980,True,False,9.6,552119.0,12351.65548098434,552119.0,13.221520692937515
11821,Śródmieście,69.1,4,1,1956,False,False,2.52,1171977.0,16960.59334298119,1171977.0,13.974203477611853
11822,Wola,50.8,2,7,1984,False,False,4.99,674655.0,13280.610236220473,674655.0,13.42195821031972
11823,Bemowo,62.1,4,5,2012,True,False,9.94,1022862.0,16471.2077294686,1022862.0,13.838116116122103
11824,Wola,29.8,2,6,1957,True,True,5.67,403232.0,13531.275167785234,403232.0,12.907269837628252
11825,Śródmieście,56.9,3,10,1976,False,True,15.52,973770.0,17113.70826010545,973770.0,13.788931442044948
11826,Bemowo,18.0,1,0,2010,True,False,8.7,280635.0,15590.833333333334,280635.0,12.544813734928688
11827,Ursynów,50.9,3,6,2014,True,False,3.49,829902.0,16304.557956777997,829902.0,13.629064105473367
11828,Targówek,19.1,1,2,1995,True,True,10.28,211052.0,11049.842931937172,211052.0,12.259864565750698
11829,Bielany,81.5,5,10,2009,True,True,9.41,1126371.0,13820.503067484662,1126371.0,13.934512406122405
11830,Wilanów,72.1,5,11,1990,True,True,4.93,1408848.0,19540.194174757282,1408848.0,14.158283616933495
11831,Śródmieście,65.3,4,7,1971,False,True,10.07,1172442.0,17954.701378254213,1172442.0,13.974600164048374
11832,Ochota,88.5,5,5,1991,True,False,9.4,1409905.0,15931.129943502825,1409905.0,14.159033593465363
11833,Śródmieście,34.1,2,3,2002,True,False,7.22,753405.0,22093.98826979472,753405.0,13.532359538105366
11834,Śródmieście,93.4,4,10,2022,True,True,7.38,2101101.0,22495.728051391863,2101101.0,14.557972526959034
11835,Bemowo,75.5,4,7,1960,True,False,7.29,1008711.0,13360.41059602649,1008711.0,13.82418482747261
11836,Mokotów,49.8,3,8,1998,True,False,8.66,721675.0,14491.465863453815,721675.0,13.48933156369239
11837,Białołęka,80.0,4,9,1986,True,True,6.69,1071529.0,13394.1125,1071529.0,13.884598091637287
11838,Mokotów,30.7,2,1,1998,True,False,2.93,651529.0,21222.442996742673,651529.0,13.387078722069381
11839,Ursynów,36.9,2,5,1954,True,False,5.02,453226.0,12282.547425474255,453226.0,13.024148382707372
11840,Ochota,41.6,2,4,1984,True,False,3.06,513995.0,12355.649038461537,513995.0,13.149970762305854
11841,Targówek,43.4,2,4,2016,True,False,8.16,559709.0,12896.52073732719,559709.0,13.235174071434153
11842,Praga-Południe,31.8,2,9,2001,False,False,6.75,500944.0,15752.955974842767,500944.0,13.124251593601567
11843,Ursynów,81.9,4,10,1994,True,True,10.47,1147517.0,14011.19658119658,1147517.0,13.953111907068319
11844,Praga-Południe,49.3,3,2,1982,True,False,2.16,735654.0,14921.987829614605,735654.0,13.508516537813387
11845,Praga-Południe,62.8,3,11,1983,True,False,11.18,611303.0,9734.124203821657,611303.0,13.32334965942744
11846,Targówek,566.921692869126,3,7,1990,True,True,0.71,593446.0,1046.786544710677,593446.0,13.293703188286095
11847,Wola,18.0,1,7,2017,True,False,2.61,325596.0,18088.666666666668,325596.0,12.693415699308861
11848,Mokotów,60.9,4,11,2023,True,False,2.44,1384212.0,22729.261083743844,1384212.0,14.140642305052198
11849,Śródmieście,18.0,2,4,1993,True,True,6.21,378162.0,21009.0,378162.0,12.84308059858564
11850,Bielany,53.5,3,7,1990,False,False,3.68,554421.0,10363.009345794393,554421.0,13.225681408610182
11851,Praga-Południe,24.9,1,9,2017,False,True,5.56,456972.0,18352.289156626506,456972.0,13.032379587168192
11852,Ochota,98.7,4,7,1993,True,False,2.36,1598951.0,16200.111448834852,1598951.0,14.284858972603793
11853,Ursynów,75.0,3,2,2001,True,True,6.33,1265226.0,16869.68,1265226.0,14.05076211068545
11854,Wola,57.3,2,1,1977,True,False,2.82,736303.0,12849.96509598604,736303.0,13.509398355910298
11855,Praga-Południe,82.8,5,8,2012,False,True,6.49,1211891.0,14636.364734299517,1211891.0,14.00769333273007
11856,Wola,36.4,2,1,2000,False,True,5.5,611745.0,16806.18131868132,611745.0,13.324072442664825
11857,Wola,67.0,4,8,2015,True,True,2.02,1235319.0,18437.597014925374,1235319.0,14.026840603792936
11858,Praga-Południe,59.4,2,3,2014,True,False,1.34,960473.0,16169.579124579124,960473.0,13.775182191589597
11859,Bemowo,60.8,3,11,1976,True,False,5.91,602820.0,9914.802631578948,602820.0,13.309375582553017
11860,Białołęka,83.0,5,1,2010,True,False,6.3,958607.0,11549.481927710844,958607.0,13.773237511176704
11861,Ochota,71.1,4,9,2015,True,False,7.13,1281067.0,18017.819971870606,1281067.0,14.063204662998483
11862,Śródmieście,61.4,3,0,1987,True,False,1.4,1212644.0,19749.902280130293,1212644.0,14.008314482272612
11863,Śródmieście,18.6,1,3,1972,True,True,11.71,313299.0,16844.032258064515,313299.0,12.654916476940283
11864,Ochota,33.9,3,8,1950,False,False,5.37,393771.0,11615.66371681416,393771.0,12.883527340577015
11865,Bemowo,52.3,3,11,1994,False,True,6.1,701105.0,13405.44933078394,701105.0,13.460414367138757
11866,Śródmieście,57.1,3,8,1987,True,False,0.95,1257106.0,22015.86690017513,1257106.0,14.044323607259068
11867,Wola,30.1,2,3,2001,True,False,1.6,533505.0,17724.41860465116,533505.0,13.187225596146178
11868,Targówek,108.1,6,8,1974,False,True,7.68,989860.0,9156.891766882516,989860.0,13.805319808212799
11869,Ursynów,88.4,4,11,2018,True,True,6.86,1400190.0,15839.253393665158,1400190.0,14.152119213851384
11870,Mokotów,68.2,4,5,1980,True,False,4.4,991308.0,14535.307917888562,991308.0,13.806781570966963
11871,Śródmieście,56.6,3,0,1977,True,True,8.63,1039203.0,18360.47703180212,1039203.0,13.853965593445823
11872,Ochota,50.3,3,9,1996,True,True,4.43,854436.0,16986.799204771374,854436.0,13.658198051493867
11873,Targówek,34.1,2,5,1997,True,True,4.97,493443.0,14470.469208211143,493443.0,13.109164656239573
11874,Praga-Południe,56.7,3,8,1976,True,False,10.54,417518.0,7363.63315696649,417518.0,12.94208533121958
11875,Białołęka,60.7,4,1,1981,True,False,1.61,836704.0,13784.250411861614,836704.0,13.63722683812337
11876,Ochota,27.7,3,5,1972,True,True,4.86,406892.0,14689.241877256318,406892.0,12.916305530597764
11877,Wola,62.4,4,1,2010,True,True,9.54,968266.0,15517.083333333334,968266.0,13.783263154671875
11878,Białołęka,51.6,2,3,2013,True,False,14.44,661989.0,12829.244186046511,661989.0,13.403005729064871
11879,Ursynów,18.0,1,7,1995,False,False,3.66,199180.0,11065.555555555555,199597.62,12.201969238057423
11880,Ursynów,36.1,2,6,2010,True,True,8.31,491229.0,13607.451523545706,491229.0,13.10466772886864
11881,Bemowo,45.9,2,10,2011,True,True,10.61,818958.0,17842.222222222223,818958.0,13.615789300532049
11882,Bielany,96.5,5,11,1968,True,False,8.32,1130097.0,11710.849740932643,1130097.0,13.937814912591787
11883,Bemowo,67.2,4,8,2023,True,False,10.31,890078.0,13245.208333333332,890078.0,13.69906550181397
11884,Targówek,25.6,1,6,2016,True,False,1.78,384798.0,15031.171875,384798.0,12.860476399017713
11885,Białołęka,65.7,4,0,1975,True,False,6.67,702303.0,10689.543378995433,702303.0,13.462121637702586
11886,Bielany,21.0,1,1,1973,True,True,4.62,285048.0,13573.714285714286,285048.0,12.56041637429711
11887,Praga-Południe,78.8,4,5,1967,True,True,7.14,998089.0,12666.104060913705,998089.0,13.813598731588318
11888,Wola,44.6,2,6,1969,True,True,8.89,625105.0,14015.807174887892,625105.0,13.345676514338084
11889,Białołęka,52.9,4,2,2012,True,True,4.2,804618.0,15210.170132325142,804618.0,13.59812415243726
11890,Bemowo,84.2,5,8,1996,True,False,3.3,1186707.0,14093.907363420427,1186707.0,13.986693645014176
11891,Mokotów,26.7,1,6,2014,True,False,2.69,473582.0,17737.153558052436,473582.0,13.068082466637412
11892,Wilanów,24.3,1,5,2012,True,False,3.34,431323.0,17749.91769547325,431323.0,12.974614826810004
11893,Bielany,42.2,2,5,2004,True,True,7.47,715817.0,16962.488151658767,715817.0,13.481181223686908
11894,Bielany,77.8,4,0,2009,True,False,2.25,1278342.0,16431.131105398457,1278342.0,14.061075266016388
11895,Wola,21.6,1,4,1953,True,False,8.41,297266.0,13762.314814814814,297266.0,12.602386003834427
11896,Śródmieście,18.0,2,9,1984,True,True,13.07,328205.0,18233.61111111111,328205.0,12.701396739006672
11897,Ursynów,45.1,3,2,2006,True,False,6.77,687999.0,15254.966740576496,687999.0,13.44154411691548
11898,Ursynów,67.1,4,6,1951,True,True,9.82,759149.0,11313.695976154993,759149.0,13.539954665310333
11899,Mokotów,81.4,4,9,1955,True,True,4.97,1344947.0,16522.690417690417,1344947.0,14.111865908560656
11900,Targówek,44.8,2,2,2017,True,False,8.55,575659.0,12849.53125,575659.0,13.263272487617737
11901,Targówek,45.9,2,4,2008,False,False,1.11,566742.0,12347.32026143791,566742.0,13.247661217168664
11902,Praga-Południe,80.4,4,6,1980,False,True,3.24,1103589.0,13726.231343283582,1103589.0,13.914079060030137
11903,Białołęka,18.0,2,2,2009,True,True,9.53,234250.0,13013.888888888889,234250.0,12.364148469034994
11904,Wilanów,46.5,2,9,2014,True,False,14.91,761703.0,16380.709677419354,761703.0,13.543313307758408
11905,Ochota,59.2,3,1,1984,True,False,8.37,878010.0,14831.25,878010.0,13.685414401012578
11906,Śródmieście,64.9,3,5,1956,True,False,2.65,1071925.0,16516.563944530044,1071925.0,13.884967588379467
11907,Bemowo,43.8,3,7,2021,True,True,12.57,631380.0,14415.068493150686,631380.0,13.355664762793898
11908,Ochota,55.8,3,3,1987,True,True,4.5,871103.0,15611.164874551972,871103.0,13.677516651691745
11909,Ochota,18.0,1,8,1965,False,True,6.53,273175.0,15176.388888888889,273175.0,12.517871555089334
11910,Bielany,40.5,3,11,1997,True,True,8.42,580191.0,14325.703703703704,580191.0,13.271114362225536
11911,Mokotów,65.0,4,11,2013,True,True,8.29,1225444.0,18852.984615384616,1225444.0,14.01881460130222
11912,Ursynów,33.4,2,7,1977,True,True,13.2,360814.0,10802.814371257486,360814.0,12.796120640585798
11913,Praga-Południe,56.3,3,6,1981,True,False,7.8,722707.0,12836.714031971582,722707.0,13.490760546809916
11914,Targówek,64.8,5,6,1979,False,True,2.54,867248.0,13383.456790123457,867248.0,13.673081411761283
11915,Wilanów,47.5,4,2,2024,False,False,10.37,762099.0,16044.189473684211,762099.0,13.543833059654208
11916,Mokotów,58.8,3,5,1974,False,True,9.14,1024546.0,17424.251700680274,1024546.0,13.83976112164591
11917,Bielany,33.8,3,4,2002,True,False,1.29,531217.0,15716.47928994083,531217.0,13.182927762112428
11918,Bemowo,50.5,3,0,2021,True,True,4.43,808806.0,16015.960396039603,808806.0,13.603315601448177
11919,Praga-Południe,68.4,4,10,1969,True,False,3.64,808525.0,11820.540935672514,808525.0,13.602968115800104
11920,Bielany,58.5,2,2,2023,True,True,2.49,998907.0,17075.333333333332,998907.0,13.814417961297861
11921,Wilanów,42.1,2,11,2022,True,False,6.03,914713.0,21727.149643705463,914713.0,13.726366727091992
11922,Ursynów,59.9,3,0,2019,True,False,6.17,1039194.0,17348.81469115192,1039194.0,13.853956932933572
11923,Ursynów,70.7,4,3,1976,True,False,3.78,1009147.0,14273.649222065063,1009147.0,13.824616968460374
11924,Ursynów,18.0,2,9,2006,True,True,10.25,319608.0,17756.0,319608.0,12.674853652678015
11925,Mokotów,80.5,3,2,2013,True,False,3.07,1387042.0,17230.33540372671,1387042.0,14.142684700979354
11926,Mokotów,47.6,3,10,2024,True,False,3.8,981199.0,20613.4243697479,981199.0,13.796531591366472
11927,Targówek,64.4,4,3,1973,True,True,4.6,860601.0,13363.36956521739,860601.0,13.665387423343963
11928,Targówek,81.3,4,8,2013,True,False,8.06,1049566.0,12909.790897908979,1049566.0,13.863888256128917
11929,Bemowo,24.8,2,2,1986,True,False,10.76,290998.0,11733.790322580644,290998.0,12.581075109721608
11930,Wilanów,39.4,2,11,1972,True,False,2.51,696550.0,17678.934010152287,696550.0,13.453896292780458
11931,Praga-Południe,48.7,3,5,1992,True,False,7.09,671763.0,13793.901437371662,671763.0,13.41766236734728
11932,Wola,37.8,2,5,2014,False,False,8.36,514439.0,13609.497354497356,514439.0,13.150834209380022
11933,Wola,93.2,5,6,1995,True,False,10.26,1624023.0,17425.13948497854,1624023.0,14.300417577919685
11934,Bielany,36.2,1,8,2000,True,True,4.2,623969.0,17236.71270718232,623969.0,13.343857569272755
11935,Ursynów,42.8,3,11,2024,True,False,4.98,691773.0,16162.920560747665,691773.0,13.447014591662434
11936,Praga-Południe,59.5,3,6,1991,False,False,4.1,671690.0,11288.90756302521,671690.0,13.417553692326424
11937,Ochota,28.6,2,0,2005,True,False,4.63,508922.0,17794.475524475525,508922.0,13.140052007075386
11938,Mokotów,46.3,2,7,1988,True,False,3.49,805778.0,17403.41252699784,805778.0,13.599564790342454
11939,Białołęka,62.0,3,4,1990,True,True,5.67,870123.0,14034.241935483871,870123.0,13.676391009210143
11940,Śródmieście,47.7,3,8,2009,True,True,0.76,1240353.0,26003.207547169808,1240353.0,14.03090738070942
11941,Bemowo,52.9,3,9,2022,True,True,2.93,1020184.0,19285.14177693762,1020184.0,13.835494541363461
11942,Ursynów,43.4,2,11,2000,True,True,3.84,769169.0,17722.78801843318,769169.0,13.553067290376118
11943,Ursynów,21.7,2,4,2013,False,True,6.08,329733.0,15195.069124423964,329733.0,12.706041547795072
11944,Wilanów,62.1,3,4,1963,False,False,8.6,775891.0,12494.219001610305,775891.0,13.56176861422185
11945,Ursynów,93.6,5,11,1976,True,True,11.93,1245868.0,13310.555555555557,1245868.0,14.035343836365715
11946,Mokotów,55.4,4,11,1998,True,False,4.64,1140211.0,20581.425992779783,1140211.0,13.946724767993627
11947,Mokotów,60.0,3,1,1953,True,False,10.16,729704.0,12161.733333333334,729704.0,13.500395621861248
11948,Śródmieście,70.2,4,11,1979,False,True,4.85,1410135.0,20087.39316239316,1410135.0,14.159196711603682
11949,Ochota,27.1,1,10,1999,True,True,14.84,420508.0,15516.90036900369,420508.0,12.949221161257654
11950,Praga-Południe,92.5,5,2,1952,False,False,5.05,867790.0,9381.513513513513,867790.0,13.67370618123937
11951,Ursynów,59.5,4,9,1980,True,False,10.78,103657.5686693738,1742.1440112499797,199597.62,11.548857783712556
11952,Wola,90.9,4,8,1998,True,False,3.84,1511676.0,16630.09900990099,1511676.0,14.228730188562063
11953,Targówek,38.9,2,6,2002,False,False,3.45,576972.0,14832.185089974293,576972.0,13.265550750634542
11954,Wilanów,95.0,5,0,2021,True,False,2.99,1794039.0,18884.621052631577,1794039.0,14.39998061789635
11956,Wola,67.2,4,11,1992,True,False,10.44,939493.0,13980.550595238095,939493.0,13.753096711439532
11957,Bielany,60.1,4,1,2021,True,False,8.38,931954.0,15506.722129783693,931954.0,13.745039809240252
11958,Wola,49.5,3,0,2014,True,False,2.08,908193.0,18347.333333333332,908193.0,13.71921329114982
11959,Bielany,81.4,4,8,1975,True,True,3.77,997774.0,12257.665847665847,997774.0,13.813283078973923
11960,Białołęka,58.1,3,7,1968,True,False,1.96,734779.0,12646.798623063683,734779.0,13.507326413661993
11961,Targówek,18.0,1,4,2008,False,False,12.17,199529.0,11084.944444444445,199597.62,12.203719879946577
11962,Wilanów,30.4,1,10,2001,False,False,4.92,547092.0,17996.447368421053,547092.0,13.212374085234185
11963,Wola,50.9,3,11,2014,True,True,7.17,866806.0,17029.58742632613,866806.0,13.672571624292397
11964,Białołęka,61.8,5,1,2011,True,True,8.0,823876.0,13331.326860841424,823876.0,13.621776525904798
11965,Bemowo,53.8,3,0,2005,True,True,2.71,851298.0,15823.382899628254,851298.0,13.65451869719743
11966,Praga-Południe,81.8,5,6,2024,True,True,2.7,1436101.0,17556.246943765284,1436101.0,14.177443056708418
11967,Białołęka,18.0,1,10,2000,True,True,2.51,265431.0,14746.166666666666,265431.0,12.48911396633236
11968,Praga-Południe,58.2,3,10,1966,False,False,6.85,596120.0,10242.611683848796,596120.0,13.298198945575917
11969,Wola,18.0,1,1,2016,False,True,1.66,334468.0,18581.555555555555,334468.0,12.720299478620491
11970,Ochota,71.7,4,0,1979,True,True,11.92,1010663.0,14095.718270571826,1010663.0,13.826118098550381
11971,Białołęka,52.9,2,1,2014,True,True,2.2,823691.0,15570.718336483933,823691.0,13.62155195260829
11972,Targówek,64.2,4,6,2022,True,False,2.01,987477.0,15381.26168224299,987477.0,13.802909497028232
11973,Wola,36.0,2,6,2009,True,True,9.47,723837.0,20106.583333333332,723837.0,13.492322889424464
11974,Ursynów,83.1,4,9,2003,True,True,12.35,1267983.0,15258.519855595669,1267983.0,14.052938795603167
11975,Mokotów,77.9,5,5,1995,True,False,14.73,1327948.0,17046.82926829268,1327948.0,14.09914620466662
11976,Białołęka,67.8,3,4,1988,False,False,9.76,709556.0,10465.42772861357,709556.0,13.472396110621673
11977,Targówek,52.2,3,2,1987,True,True,0.63,743144.0,14236.47509578544,743144.0,13.518646459437607
11978,Bemowo,67.8,4,11,2006,False,True,8.12,914495.0,13488.126843657818,914495.0,13.726128372828642
11979,Ursynów,39.4,3,2,2012,True,True,3.12,710398.0,18030.406091370558,710398.0,13.47358206300145
11980,Bemowo,73.8,4,10,2008,True,False,7.54,1006207.0,13634.241192411924,1006207.0,13.821699367713373
11981,Wola,91.3,5,11,1975,False,True,2.5,1360738.0,14904.030668127054,1360738.0,14.123538492486444
11982,Mokotów,78.6,4,8,1997,False,False,5.02,1044934.0,13294.325699745548,1044934.0,13.85946524048955
11983,Białołęka,38.9,2,3,2014,True,True,10.29,605698.0,15570.642673521852,605698.0,13.31413844198534
11984,Białołęka,63.0,4,8,1996,True,False,3.86,764165.0,12129.603174603175,764165.0,13.546540322034234
11985,Ochota,26.6,1,3,2000,False,True,6.44,477637.0,17956.27819548872,477637.0,13.076608402384556
11986,Wilanów,67.6,4,1,2013,True,True,5.56,1365330.0,20197.18934911243,1365330.0,14.126907448047536
11987,Ochota,64.9,3,3,2007,True,False,3.95,1132663.0,17452.434514637902,1132663.0,13.94008293821706
11988,Wola,18.0,1,5,1991,True,True,9.88,284470.0,15803.888888888889,284470.0,12.558386594136811
11989,Wola,29.4,1,5,2019,False,True,5.14,558383.0,18992.61904761905,558383.0,13.232802176724658
11990,Mokotów,48.8,4,4,1971,False,False,5.84,610345.0,12507.069672131149,610345.0,13.321781288459693
11991,Ochota,48.4,3,0,2024,False,False,5.71,879173.0,18164.73140495868,879173.0,13.686738109295788
11992,Targówek,28.4,1,2,1966,True,True,7.5,311755.0,10977.288732394367,311755.0,12.649976109547936
11993,Targówek,63.6,3,4,1952,True,False,2.4,769843.0,12104.449685534591,769843.0,13.553943175901644
11994,Mokotów,60.5,4,5,2019,True,False,8.42,935794.0,15467.669421487602,935794.0,13.749151714377966
11995,Wilanów,50.7,4,0,1979,False,False,1.67,769326.0,15174.082840236686,769326.0,13.553271385672431
11996,Targówek,38.4,2,8,2011,True,False,1.65,580531.0,15117.994791666668,580531.0,13.271700203493097
11997,Bielany,78.1,4,2,2015,True,False,8.8,145377.12805696297,1861.422894455352,199597.62,11.887093406748292
11998,Praga-Południe,91.4,5,9,2018,True,True,9.23,1401846.0,15337.483588621444,1401846.0,14.15330121080703
11999,Mokotów,44.4,2,2,2024,True,False,2.56,893604.0,20126.216216216217,893604.0,13.703019122066147
12000,Mokotów,41.5,2,10,1983,False,True,18.26,646069.0,15567.927710843374,646069.0,13.37866313602744
